sample_name,defect_type,label,image_path,mask_path,image_score,anomaly_map,overlay,mask_preview,metadata
tile_patchcore_good_000,good,0,C:\Users\zsh\Desktop\цШВхЭдшзЖшзЙ\MVTec_AD\tile\test\good\000.png,,0.6729052662849426,C:\Users\zsh\Desktop\цШВхЭдшзЖшзЙ\industrial-defect-diffusion\outputs\baselines\patchcore\tile\anomaly_maps\tile_patchcore_good_000.png,C:\Users\zsh\Desktop\цШВхЭдшзЖшзЙ\industrial-defect-diffusion\outputs\baselines\patchcore\tile\overlays\tile_patchcore_good_000.png,C:\Users\zsh\Desktop\цШВхЭдшзЖшзЙ\industrial-defect-diffusion\outputs\baselines\patchcore\tile\mask_previews\tile_patchcore_good_000_mask.png,C:\Users\zsh\Desktop\цШВхЭдшзЖшзЙ\industrial-defect-diffusion\outputs\baselines\patchcore\tile\metadata\tile_patchcore_good_000.json
tile_patchcore_good_001,good,0,C:\Users\zsh\Desktop\цШВхЭдшзЖшзЙ\MVTec_AD\tile\test\good\001.png,,0.6567196846008301,C:\Users\zsh\Desktop\цШВхЭдшзЖшзЙ\industrial-defect-diffusion\outputs\baselines\patchcore\tile\anomaly_maps\tile_patchcore_good_001.png,C:\Users\zsh\Desktop\цШВхЭдшзЖшзЙ\industrial-defect-diffusion\outputs\baselines\patchcore\tile\overlays\tile_patchcore_good_001.png,C:\Users\zsh\Desktop\цШВхЭдшзЖшзЙ\industrial-defect-diffusion\outputs\baselines\patchcore\tile\mask_previews\tile_patchcore_good_001_mask.png,C:\Users\zsh\Desktop\цШВхЭдшзЖшзЙ\industrial-defect-diffusion\outputs\baselines\patchcore\tile\metadata\tile_patchcore_good_001.json
tile_patchcore_good_002,good,0,C:\Users\zsh\Desktop\цШВхЭдшзЖшзЙ\MVTec_AD\tile\test\good\002.png,,0.745222806930542,C:\Users\zsh\Desktop\цШВхЭдшзЖшзЙ\industrial-defect-diffusion\outputs\baselines\patchcore\tile\anomaly_maps\tile_patchcore_good_002.png,C:\Users\zsh\Desktop\цШВхЭдшзЖшзЙ\industrial-defect-diffusion\outputs\baselines\patchcore\tile\overlays\tile_patchcore_good_002.png,C:\Users\zsh\Desktop\цШВхЭдшзЖшзЙ\industrial-defect-diffusion\outputs\baselines\patchcore\tile\mask_previews\tile_patchcore_good_002_mask.png,C:\Users\zsh\Desktop\цШВхЭдшзЖшзЙ\industrial-defect-diffusion\outputs\baselines\patchcore\tile\metadata\tile_patchcore_good_002.json
tile_patchcore_good_003,good,0,C:\Users\zsh\Desktop\цШВхЭдшзЖшзЙ\MVTec_AD\tile\test\good\003.png,,0.6582076549530029,C:\Users\zsh\Desktop\цШВхЭдшзЖшзЙ\industrial-defect-diffusion\outputs\baselines\patchcore\tile\anomaly_maps\tile_patchcore_good_003.png,C:\Users\zsh\Desktop\цШВхЭдшзЖшзЙ\industrial-defect-diffusion\outputs\baselines\patchcore\tile\overlays\tile_patchcore_good_003.png,C:\Users\zsh\Desktop\цШВхЭдшзЖшзЙ\industrial-defect-diffusion\outputs\baselines\patchcore\tile\mask_previews\tile_patchcore_good_003_mask.png,C:\Users\zsh\Desktop\цШВхЭдшзЖшзЙ\industrial-defect-diffusion\outputs\baselines\patchcore\tile\metadata\tile_patchcore_good_003.json
tile_patchcore_good_004,good,0,C:\Users\zsh\Desktop\цШВхЭдшзЖшзЙ\MVTec_AD\tile\test\good\004.png,,0.7714588046073914,C:\Users\zsh\Desktop\цШВхЭдшзЖшзЙ\industrial-defect-diffusion\outputs\baselines\patchcore\tile\anomaly_maps\tile_patchcore_good_004.png,C:\Users\zsh\Desktop\цШВхЭдшзЖшзЙ\industrial-defect-diffusion\outputs\baselines\patchcore\tile\overlays\tile_patchcore_good_004.png,C:\Users\zsh\Desktop\цШВхЭдшзЖшзЙ\industrial-defect-diffusion\outputs\baselines\patchcore\tile\mask_previews\tile_patchcore_good_004_mask.png,C:\Users\zsh\Desktop\цШВхЭдшзЖшзЙ\industrial-defect-diffusion\outputs\baselines\patchcore\tile\metadata\tile_patchcore_good_004.json
tile_patchcore_good_005,good,0,C:\Users\zsh\Desktop\цШВхЭдшзЖшзЙ\MVTec_AD\tile\test\good\005.png,,0.7517591118812561,C:\Users\zsh\Desktop\цШВхЭдшзЖшзЙ\industrial-defect-diffusion\outputs\baselines\patchcore\tile\anomaly_maps\tile_patchcore_good_005.png,C:\Users\zsh\Desktop\цШВхЭдшзЖшзЙ\industrial-defect-diffusion\outputs\baselines\patchcore\tile\overlays\tile_patchcore_good_005.png,C:\Users\zsh\Desktop\цШВхЭдшзЖшзЙ\industrial-defect-diffusion\outputs\baselines\patchcore\tile\mask_previews\tile_patchcore_good_005_mask.png,C:\Users\zsh\Desktop\цШВхЭдшзЖшзЙ\industrial-defect-diffusion\outputs\baselines\patchcore\tile\metadata\tile_patchcore_good_005.json
tile_patchcore_good_006,good,0,C:\Users\zsh\Desktop\цШВхЭдшзЖшзЙ\MVTec_AD\tile\test\good\006.png,,0.7459045648574829,C:\Users\zsh\Desktop\цШВхЭдшзЖшзЙ\industrial-defect-diffusion\outputs\baselines\patchcore\tile\anomaly_maps\tile_patchcore_good_006.png,C:\Users\zsh\Desktop\цШВхЭдшзЖшзЙ\industrial-defect-diffusion\outputs\baselines\patchcore\tile\overlays\tile_patchcore_good_006.png,C:\Users\zsh\Desktop\цШВхЭдшзЖшзЙ\industrial-defect-diffusion\outputs\baselines\patchcore\tile\mask_previews\tile_patchcore_good_006_mask.png,C:\Users\zsh\Desktop\цШВхЭдшзЖшзЙ\industrial-defect-diffusion\outputs\baselines\patchcore\tile\metadata\tile_patchcore_good_006.json
tile_patchcore_good_007,good,0,C:\Users\zsh\Desktop\цШВхЭдшзЖшзЙ\MVTec_AD\tile\test\good\007.png,,0.6680838465690613,C:\Users\zsh\Desktop\цШВхЭдшзЖшзЙ\industrial-defect-diffusion\outputs\baselines\patchcore\tile\anomaly_maps\tile_patchcore_good_007.png,C:\Users\zsh\Desktop\цШВхЭдшзЖшзЙ\industrial-defect-diffusion\outputs\baselines\patchcore\tile\overlays\tile_patchcore_good_007.png,C:\Users\zsh\Desktop\цШВхЭдшзЖшзЙ\industrial-defect-diffusion\outputs\baselines\patchcore\tile\mask_previews\tile_patchcore_good_007_mask.png,C:\Users\zsh\Desktop\цШВхЭдшзЖшзЙ\industrial-defect-diffusion\outputs\baselines\patchcore\tile\metadata\tile_patchcore_good_007.json
tile_patchcore_good_008,good,0,C:\Users\zsh\Desktop\цШВхЭдшзЖшзЙ\MVTec_AD\tile\test\good\008.png,,0.6849678158760071,C:\Users\zsh\Desktop\цШВхЭдшзЖшзЙ\industrial-defect-diffusion\outputs\baselines\patchcore\tile\anomaly_maps\tile_patchcore_good_008.png,C:\Users\zsh\Desktop\цШВхЭдшзЖшзЙ\industrial-defect-diffusion\outputs\baselines\patchcore\tile\overlays\tile_patchcore_good_008.png,C:\Users\zsh\Desktop\цШВхЭдшзЖшзЙ\industrial-defect-diffusion\outputs\baselines\patchcore\tile\mask_previews\tile_patchcore_good_008_mask.png,C:\Users\zsh\Desktop\цШВхЭдшзЖшзЙ\industrial-defect-diffusion\outputs\baselines\patchcore\tile\metadata\tile_patchcore_good_008.json
tile_patchcore_good_009,good,0,C:\Users\zsh\Desktop\цШВхЭдшзЖшзЙ\MVTec_AD\tile\test\good\009.png,,0.6894625425338745,C:\Users\zsh\Desktop\цШВхЭдшзЖшзЙ\industrial-defect-diffusion\outputs\baselines\patchcore\tile\anomaly_maps\tile_patchcore_good_009.png,C:\Users\zsh\Desktop\цШВхЭдшзЖшзЙ\industrial-defect-diffusion\outputs\baselines\patchcore\tile\overlays\tile_patchcore_good_009.png,C:\Users\zsh\Desktop\цШВхЭдшзЖшзЙ\industrial-defect-diffusion\outputs\baselines\patchcore\tile\mask_previews\tile_patchcore_good_009_mask.png,C:\Users\zsh\Desktop\цШВхЭдшзЖшзЙ\industrial-defect-diffusion\outputs\baselines\patchcore\tile\metadata\tile_patchcore_good_009.json
tile_patchcore_good_010,good,0,C:\Users\zsh\Desktop\цШВхЭдшзЖшзЙ\MVTec_AD\tile\test\good\010.png,,0.6756688952445984,C:\Users\zsh\Desktop\цШВхЭдшзЖшзЙ\industrial-defect-diffusion\outputs\baselines\patchcore\tile\anomaly_maps\tile_patchcore_good_010.png,C:\Users\zsh\Desktop\цШВхЭдшзЖшзЙ\industrial-defect-diffusion\outputs\baselines\patchcore\tile\overlays\tile_patchcore_good_010.png,C:\Users\zsh\Desktop\цШВхЭдшзЖшзЙ\industrial-defect-diffusion\outputs\baselines\patchcore\tile\mask_previews\tile_patchcore_good_010_mask.png,C:\Users\zsh\Desktop\цШВхЭдшзЖшзЙ\industrial-defect-diffusion\outputs\baselines\patchcore\tile\metadata\tile_patchcore_good_010.json
tile_patchcore_good_011,good,0,C:\Users\zsh\Desktop\цШВхЭдшзЖшзЙ\MVTec_AD\tile\test\good\011.png,,0.7042391300201416,C:\Users\zsh\Desktop\цШВхЭдшзЖшзЙ\industrial-defect-diffusion\outputs\baselines\patchcore\tile\anomaly_maps\tile_patchcore_good_011.png,C:\Users\zsh\Desktop\цШВхЭдшзЖшзЙ\industrial-defect-diffusion\outputs\baselines\patchcore\tile\overlays\tile_patchcore_good_011.png,C:\Users\zsh\Desktop\цШВхЭдшзЖшзЙ\industrial-defect-diffusion\outputs\baselines\patchcore\tile\mask_previews\tile_patchcore_good_011_mask.png,C:\Users\zsh\Desktop\цШВхЭдшзЖшзЙ\industrial-defect-diffusion\outputs\baselines\patchcore\tile\metadata\tile_patchcore_good_011.json
tile_patchcore_good_012,good,0,C:\Users\zsh\Desktop\цШВхЭдшзЖшзЙ\MVTec_AD\tile\test\good\012.png,,0.7250281572341919,C:\Users\zsh\Desktop\цШВхЭдшзЖшзЙ\industrial-defect-diffusion\outputs\baselines\patchcore\tile\anomaly_maps\tile_patchcore_good_012.png,C:\Users\zsh\Desktop\цШВхЭдшзЖшзЙ\industrial-defect-diffusion\outputs\baselines\patchcore\tile\overlays\tile_patchcore_good_012.png,C:\Users\zsh\Desktop\цШВхЭдшзЖшзЙ\industrial-defect-diffusion\outputs\baselines\patchcore\tile\mask_previews\tile_patchcore_good_012_mask.png,C:\Users\zsh\Desktop\цШВхЭдшзЖшзЙ\industrial-defect-diffusion\outputs\baselines\patchcore\tile\metadata\tile_patchcore_good_012.json
tile_patchcore_good_013,good,0,C:\Users\zsh\Desktop\цШВхЭдшзЖшзЙ\MVTec_AD\tile\test\good\013.png,,0.7027069330215454,C:\Users\zsh\Desktop\цШВхЭдшзЖшзЙ\industrial-defect-diffusion\outputs\baselines\patchcore\tile\anomaly_maps\tile_patchcore_good_013.png,C:\Users\zsh\Desktop\цШВхЭдшзЖшзЙ\industrial-defect-diffusion\outputs\baselines\patchcore\tile\overlays\tile_patchcore_good_013.png,C:\Users\zsh\Desktop\цШВхЭдшзЖшзЙ\industrial-defect-diffusion\outputs\baselines\patchcore\tile\mask_previews\tile_patchcore_good_013_mask.png,C:\Users\zsh\Desktop\цШВхЭдшзЖшзЙ\industrial-defect-diffusion\outputs\baselines\patchcore\tile\metadata\tile_patchcore_good_013.json
tile_patchcore_good_014,good,0,C:\Users\zsh\Desktop\цШВхЭдшзЖшзЙ\MVTec_AD\tile\test\good\014.png,,0.6803267598152161,C:\Users\zsh\Desktop\цШВхЭдшзЖшзЙ\industrial-defect-diffusion\outputs\baselines\patchcore\tile\anomaly_maps\tile_patchcore_good_014.png,C:\Users\zsh\Desktop\цШВхЭдшзЖшзЙ\industrial-defect-diffusion\outputs\baselines\patchcore\tile\overlays\tile_patchcore_good_014.png,C:\Users\zsh\Desktop\цШВхЭдшзЖшзЙ\industrial-defect-diffusion\outputs\baselines\patchcore\tile\mask_previews\tile_patchcore_good_014_mask.png,C:\Users\zsh\Desktop\цШВхЭдшзЖшзЙ\industrial-defect-diffusion\outputs\baselines\patchcore\tile\metadata\tile_patchcore_good_014.json
tile_patchcore_good_015,good,0,C:\Users\zsh\Desktop\цШВхЭдшзЖшзЙ\MVTec_AD\tile\test\good\015.png,,0.6664105653762817,C:\Users\zsh\Desktop\цШВхЭдшзЖшзЙ\industrial-defect-diffusion\outputs\baselines\patchcore\tile\anomaly_maps\tile_patchcore_good_015.png,C:\Users\zsh\Desktop\цШВхЭдшзЖшзЙ\industrial-defect-diffusion\outputs\baselines\patchcore\tile\overlays\tile_patchcore_good_015.png,C:\Users\zsh\Desktop\цШВхЭдшзЖшзЙ\industrial-defect-diffusion\outputs\baselines\patchcore\tile\mask_previews\tile_patchcore_good_015_mask.png,C:\Users\zsh\Desktop\цШВхЭдшзЖшзЙ\industrial-defect-diffusion\outputs\baselines\patchcore\tile\metadata\tile_patchcore_good_015.json
tile_patchcore_good_016,good,0,C:\Users\zsh\Desktop\цШВхЭдшзЖшзЙ\MVTec_AD\tile\test\good\016.png,,0.68984454870224,C:\Users\zsh\Desktop\цШВхЭдшзЖшзЙ\industrial-defect-diffusion\outputs\baselines\patchcore\tile\anomaly_maps\tile_patchcore_good_016.png,C:\Users\zsh\Desktop\цШВхЭдшзЖшзЙ\industrial-defect-diffusion\outputs\baselines\patchcore\tile\overlays\tile_patchcore_good_016.png,C:\Users\zsh\Desktop\цШВхЭдшзЖшзЙ\industrial-defect-diffusion\outputs\baselines\patchcore\tile\mask_previews\tile_patchcore_good_016_mask.png,C:\Users\zsh\Desktop\цШВхЭдшзЖшзЙ\industrial-defect-diffusion\outputs\baselines\patchcore\tile\metadata\tile_patchcore_good_016.json
tile_patchcore_good_017,good,0,C:\Users\zsh\Desktop\цШВхЭдшзЖшзЙ\MVTec_AD\tile\test\good\017.png,,0.7125244736671448,C:\Users\zsh\Desktop\цШВхЭдшзЖшзЙ\industrial-defect-diffusion\outputs\baselines\patchcore\tile\anomaly_maps\tile_patchcore_good_017.png,C:\Users\zsh\Desktop\цШВхЭдшзЖшзЙ\industrial-defect-diffusion\outputs\baselines\patchcore\tile\overlays\tile_patchcore_good_017.png,C:\Users\zsh\Desktop\цШВхЭдшзЖшзЙ\industrial-defect-diffusion\outputs\baselines\patchcore\tile\mask_previews\tile_patchcore_good_017_mask.png,C:\Users\zsh\Desktop\цШВхЭдшзЖшзЙ\industrial-defect-diffusion\outputs\baselines\patchcore\tile\metadata\tile_patchcore_good_017.json
tile_patchcore_good_018,good,0,C:\Users\zsh\Desktop\цШВхЭдшзЖшзЙ\MVTec_AD\tile\test\good\018.png,,0.7023513913154602,C:\Users\zsh\Desktop\цШВхЭдшзЖшзЙ\industrial-defect-diffusion\outputs\baselines\patchcore\tile\anomaly_maps\tile_patchcore_good_018.png,C:\Users\zsh\Desktop\цШВхЭдшзЖшзЙ\industrial-defect-diffusion\outputs\baselines\patchcore\tile\overlays\tile_patchcore_good_018.png,C:\Users\zsh\Desktop\цШВхЭдшзЖшзЙ\industrial-defect-diffusion\outputs\baselines\patchcore\tile\mask_previews\tile_patchcore_good_018_mask.png,C:\Users\zsh\Desktop\цШВхЭдшзЖшзЙ\industrial-defect-diffusion\outputs\baselines\patchcore\tile\metadata\tile_patchcore_good_018.json
tile_patchcore_good_019,good,0,C:\Users\zsh\Desktop\цШВхЭдшзЖшзЙ\MVTec_AD\tile\test\good\019.png,,0.6935858726501465,C:\Users\zsh\Desktop\цШВхЭдшзЖшзЙ\industrial-defect-diffusion\outputs\baselines\patchcore\tile\anomaly_maps\tile_patchcore_good_019.png,C:\Users\zsh\Desktop\цШВхЭдшзЖшзЙ\industrial-defect-diffusion\outputs\baselines\patchcore\tile\overlays\tile_patchcore_good_019.png,C:\Users\zsh\Desktop\цШВхЭдшзЖшзЙ\industrial-defect-diffusion\outputs\baselines\patchcore\tile\mask_previews\tile_patchcore_good_019_mask.png,C:\Users\zsh\Desktop\цШВхЭдшзЖшзЙ\industrial-defect-diffusion\outputs\baselines\patchcore\tile\metadata\tile_patchcore_good_019.json
tile_patchcore_good_020,good,0,C:\Users\zsh\Desktop\цШВхЭдшзЖшзЙ\MVTec_AD\tile\test\good\020.png,,0.688286304473877,C:\Users\zsh\Desktop\цШВхЭдшзЖшзЙ\industrial-defect-diffusion\outputs\baselines\patchcore\tile\anomaly_maps\tile_patchcore_good_020.png,C:\Users\zsh\Desktop\цШВхЭдшзЖшзЙ\industrial-defect-diffusion\outputs\baselines\patchcore\tile\overlays\tile_patchcore_good_020.png,C:\Users\zsh\Desktop\цШВхЭдшзЖшзЙ\industrial-defect-diffusion\outputs\baselines\patchcore\tile\mask_previews\tile_patchcore_good_020_mask.png,C:\Users\zsh\Desktop\цШВхЭдшзЖшзЙ\industrial-defect-diffusion\outputs\baselines\patchcore\tile\metadata\tile_patchcore_good_020.json
tile_patchcore_good_021,good,0,C:\Users\zsh\Desktop\цШВхЭдшзЖшзЙ\MVTec_AD\tile\test\good\021.png,,0.6729699373245239,C:\Users\zsh\Desktop\цШВхЭдшзЖшзЙ\industrial-defect-diffusion\outputs\baselines\patchcore\tile\anomaly_maps\tile_patchcore_good_021.png,C:\Users\zsh\Desktop\цШВхЭдшзЖшзЙ\industrial-defect-diffusion\outputs\baselines\patchcore\tile\overlays\tile_patchcore_good_021.png,C:\Users\zsh\Desktop\цШВхЭдшзЖшзЙ\industrial-defect-diffusion\outputs\baselines\patchcore\tile\mask_previews\tile_patchcore_good_021_mask.png,C:\Users\zsh\Desktop\цШВхЭдшзЖшзЙ\industrial-defect-diffusion\outputs\baselines\patchcore\tile\metadata\tile_patchcore_good_021.json
tile_patchcore_good_022,good,0,C:\Users\zsh\Desktop\цШВхЭдшзЖшзЙ\MVTec_AD\tile\test\good\022.png,,0.698917031288147,C:\Users\zsh\Desktop\цШВхЭдшзЖшзЙ\industrial-defect-diffusion\outputs\baselines\patchcore\tile\anomaly_maps\tile_patchcore_good_022.png,C:\Users\zsh\Desktop\цШВхЭдшзЖшзЙ\industrial-defect-diffusion\outputs\baselines\patchcore\tile\overlays\tile_patchcore_good_022.png,C:\Users\zsh\Desktop\цШВхЭдшзЖшзЙ\industrial-defect-diffusion\outputs\baselines\patchcore\tile\mask_previews\tile_patchcore_good_022_mask.png,C:\Users\zsh\Desktop\цШВхЭдшзЖшзЙ\industrial-defect-diffusion\outputs\baselines\patchcore\tile\metadata\tile_patchcore_good_022.json
tile_patchcore_good_023,good,0,C:\Users\zsh\Desktop\цШВхЭдшзЖшзЙ\MVTec_AD\tile\test\good\023.png,,0.6976801753044128,C:\Users\zsh\Desktop\цШВхЭдшзЖшзЙ\industrial-defect-diffusion\outputs\baselines\patchcore\tile\anomaly_maps\tile_patchcore_good_023.png,C:\Users\zsh\Desktop\цШВхЭдшзЖшзЙ\industrial-defect-diffusion\outputs\baselines\patchcore\tile\overlays\tile_patchcore_good_023.png,C:\Users\zsh\Desktop\цШВхЭдшзЖшзЙ\industrial-defect-diffusion\outputs\baselines\patchcore\tile\mask_previews\tile_patchcore_good_023_mask.png,C:\Users\zsh\Desktop\цШВхЭдшзЖшзЙ\industrial-defect-diffusion\outputs\baselines\patchcore\tile\metadata\tile_patchcore_good_023.json
tile_patchcore_good_024,good,0,C:\Users\zsh\Desktop\цШВхЭдшзЖшзЙ\MVTec_AD\tile\test\good\024.png,,0.7477386593818665,C:\Users\zsh\Desktop\цШВхЭдшзЖшзЙ\industrial-defect-diffusion\outputs\baselines\patchcore\tile\anomaly_maps\tile_patchcore_good_024.png,C:\Users\zsh\Desktop\цШВхЭдшзЖшзЙ\industrial-defect-diffusion\outputs\baselines\patchcore\tile\overlays\tile_patchcore_good_024.png,C:\Users\zsh\Desktop\цШВхЭдшзЖшзЙ\industrial-defect-diffusion\outputs\baselines\patchcore\tile\mask_previews\tile_patchcore_good_024_mask.png,C:\Users\zsh\Desktop\цШВхЭдшзЖшзЙ\industrial-defect-diffusion\outputs\baselines\patchcore\tile\metadata\tile_patchcore_good_024.json
tile_patchcore_good_025,good,0,C:\Users\zsh\Desktop\цШВхЭдшзЖшзЙ\MVTec_AD\tile\test\good\025.png,,0.6891595721244812,C:\Users\zsh\Desktop\цШВхЭдшзЖшзЙ\industrial-defect-diffusion\outputs\baselines\patchcore\tile\anomaly_maps\tile_patchcore_good_025.png,C:\Users\zsh\Desktop\цШВхЭдшзЖшзЙ\industrial-defect-diffusion\outputs\baselines\patchcore\tile\overlays\tile_patchcore_good_025.png,C:\Users\zsh\Desktop\цШВхЭдшзЖшзЙ\industrial-defect-diffusion\outputs\baselines\patchcore\tile\mask_previews\tile_patchcore_good_025_mask.png,C:\Users\zsh\Desktop\цШВхЭдшзЖшзЙ\industrial-defect-diffusion\outputs\baselines\patchcore\tile\metadata\tile_patchcore_good_025.json
tile_patchcore_good_026,good,0,C:\Users\zsh\Desktop\цШВхЭдшзЖшзЙ\MVTec_AD\tile\test\good\026.png,,0.6812671422958374,C:\Users\zsh\Desktop\цШВхЭдшзЖшзЙ\industrial-defect-diffusion\outputs\baselines\patchcore\tile\anomaly_maps\tile_patchcore_good_026.png,C:\Users\zsh\Desktop\цШВхЭдшзЖшзЙ\industrial-defect-diffusion\outputs\baselines\patchcore\tile\overlays\tile_patchcore_good_026.png,C:\Users\zsh\Desktop\цШВхЭдшзЖшзЙ\industrial-defect-diffusion\outputs\baselines\patchcore\tile\mask_previews\tile_patchcore_good_026_mask.png,C:\Users\zsh\Desktop\цШВхЭдшзЖшзЙ\industrial-defect-diffusion\outputs\baselines\patchcore\tile\metadata\tile_patchcore_good_026.json
tile_patchcore_good_027,good,0,C:\Users\zsh\Desktop\цШВхЭдшзЖшзЙ\MVTec_AD\tile\test\good\027.png,,0.6957533955574036,C:\Users\zsh\Desktop\цШВхЭдшзЖшзЙ\industrial-defect-diffusion\outputs\baselines\patchcore\tile\anomaly_maps\tile_patchcore_good_027.png,C:\Users\zsh\Desktop\цШВхЭдшзЖшзЙ\industrial-defect-diffusion\outputs\baselines\patchcore\tile\overlays\tile_patchcore_good_027.png,C:\Users\zsh\Desktop\цШВхЭдшзЖшзЙ\industrial-defect-diffusion\outputs\baselines\patchcore\tile\mask_previews\tile_patchcore_good_027_mask.png,C:\Users\zsh\Desktop\цШВхЭдшзЖшзЙ\industrial-defect-diffusion\outputs\baselines\patchcore\tile\metadata\tile_patchcore_good_027.json
tile_patchcore_good_028,good,0,C:\Users\zsh\Desktop\цШВхЭдшзЖшзЙ\MVTec_AD\tile\test\good\028.png,,0.6990489959716797,C:\Users\zsh\Desktop\цШВхЭдшзЖшзЙ\industrial-defect-diffusion\outputs\baselines\patchcore\tile\anomaly_maps\tile_patchcore_good_028.png,C:\Users\zsh\Desktop\цШВхЭдшзЖшзЙ\industrial-defect-diffusion\outputs\baselines\patchcore\tile\overlays\tile_patchcore_good_028.png,C:\Users\zsh\Desktop\цШВхЭдшзЖшзЙ\industrial-defect-diffusion\outputs\baselines\patchcore\tile\mask_previews\tile_patchcore_good_028_mask.png,C:\Users\zsh\Desktop\цШВхЭдшзЖшзЙ\industrial-defect-diffusion\outputs\baselines\patchcore\tile\metadata\tile_patchcore_good_028.json
tile_patchcore_good_029,good,0,C:\Users\zsh\Desktop\цШВхЭдшзЖшзЙ\MVTec_AD\tile\test\good\029.png,,0.6851377487182617,C:\Users\zsh\Desktop\цШВхЭдшзЖшзЙ\industrial-defect-diffusion\outputs\baselines\patchcore\tile\anomaly_maps\tile_patchcore_good_029.png,C:\Users\zsh\Desktop\цШВхЭдшзЖшзЙ\industrial-defect-diffusion\outputs\baselines\patchcore\tile\overlays\tile_patchcore_good_029.png,C:\Users\zsh\Desktop\цШВхЭдшзЖшзЙ\industrial-defect-diffusion\outputs\baselines\patchcore\tile\mask_previews\tile_patchcore_good_029_mask.png,C:\Users\zsh\Desktop\цШВхЭдшзЖшзЙ\industrial-defect-diffusion\outputs\baselines\patchcore\tile\metadata\tile_patchcore_good_029.json
tile_patchcore_good_030,good,0,C:\Users\zsh\Desktop\цШВхЭдшзЖшзЙ\MVTec_AD\tile\test\good\030.png,,0.7032542824745178,C:\Users\zsh\Desktop\цШВхЭдшзЖшзЙ\industrial-defect-diffusion\outputs\baselines\patchcore\tile\anomaly_maps\tile_patchcore_good_030.png,C:\Users\zsh\Desktop\цШВхЭдшзЖшзЙ\industrial-defect-diffusion\outputs\baselines\patchcore\tile\overlays\tile_patchcore_good_030.png,C:\Users\zsh\Desktop\цШВхЭдшзЖшзЙ\industrial-defect-diffusion\outputs\baselines\patchcore\tile\mask_previews\tile_patchcore_good_030_mask.png,C:\Users\zsh\Desktop\цШВхЭдшзЖшзЙ\industrial-defect-diffusion\outputs\baselines\patchcore\tile\metadata\tile_patchcore_good_030.json
tile_patchcore_good_031,good,0,C:\Users\zsh\Desktop\цШВхЭдшзЖшзЙ\MVTec_AD\tile\test\good\031.png,,0.6899118423461914,C:\Users\zsh\Desktop\цШВхЭдшзЖшзЙ\industrial-defect-diffusion\outputs\baselines\patchcore\tile\anomaly_maps\tile_patchcore_good_031.png,C:\Users\zsh\Desktop\цШВхЭдшзЖшзЙ\industrial-defect-diffusion\outputs\baselines\patchcore\tile\overlays\tile_patchcore_good_031.png,C:\Users\zsh\Desktop\цШВхЭдшзЖшзЙ\industrial-defect-diffusion\outputs\baselines\patchcore\tile\mask_previews\tile_patchcore_good_031_mask.png,C:\Users\zsh\Desktop\цШВхЭдшзЖшзЙ\industrial-defect-diffusion\outputs\baselines\patchcore\tile\metadata\tile_patchcore_good_031.json
tile_patchcore_good_032,good,0,C:\Users\zsh\Desktop\цШВхЭдшзЖшзЙ\MVTec_AD\tile\test\good\032.png,,0.693446934223175,C:\Users\zsh\Desktop\цШВхЭдшзЖшзЙ\industrial-defect-diffusion\outputs\baselines\patchcore\tile\anomaly_maps\tile_patchcore_good_032.png,C:\Users\zsh\Desktop\цШВхЭдшзЖшзЙ\industrial-defect-diffusion\outputs\baselines\patchcore\tile\overlays\tile_patchcore_good_032.png,C:\Users\zsh\Desktop\цШВхЭдшзЖшзЙ\industrial-defect-diffusion\outputs\baselines\patchcore\tile\mask_previews\tile_patchcore_good_032_mask.png,C:\Users\zsh\Desktop\цШВхЭдшзЖшзЙ\industrial-defect-diffusion\outputs\baselines\patchcore\tile\metadata\tile_patchcore_good_032.json
tile_patchcore_crack_000,crack,1,C:\Users\zsh\Desktop\цШВхЭдшзЖшзЙ\MVTec_AD\tile\test\crack\000.png,C:\Users\zsh\Desktop\цШВхЭдшзЖшзЙ\MVTec_AD\tile\ground_truth\crack\000_mask.png,0.984761118888855,C:\Users\zsh\Desktop\цШВхЭдшзЖшзЙ\industrial-defect-diffusion\outputs\baselines\patchcore\tile\anomaly_maps\tile_patchcore_crack_000.png,C:\Users\zsh\Desktop\цШВхЭдшзЖшзЙ\industrial-defect-diffusion\outputs\baselines\patchcore\tile\overlays\tile_patchcore_crack_000.png,C:\Users\zsh\Desktop\цШВхЭдшзЖшзЙ\industrial-defect-diffusion\outputs\baselines\patchcore\tile\mask_previews\tile_patchcore_crack_000_mask.png,C:\Users\zsh\Desktop\цШВхЭдшзЖшзЙ\industrial-defect-diffusion\outputs\baselines\patchcore\tile\metadata\tile_patchcore_crack_000.json
tile_patchcore_crack_001,crack,1,C:\Users\zsh\Desktop\цШВхЭдшзЖшзЙ\MVTec_AD\tile\test\crack\001.png,C:\Users\zsh\Desktop\цШВхЭдшзЖшзЙ\MVTec_AD\tile\ground_truth\crack\001_mask.png,0.9581100940704346,C:\Users\zsh\Desktop\цШВхЭдшзЖшзЙ\industrial-defect-diffusion\outputs\baselines\patchcore\tile\anomaly_maps\tile_patchcore_crack_001.png,C:\Users\zsh\Desktop\цШВхЭдшзЖшзЙ\industrial-defect-diffusion\outputs\baselines\patchcore\tile\overlays\tile_patchcore_crack_001.png,C:\Users\zsh\Desktop\цШВхЭдшзЖшзЙ\industrial-defect-diffusion\outputs\baselines\patchcore\tile\mask_previews\tile_patchcore_crack_001_mask.png,C:\Users\zsh\Desktop\цШВхЭдшзЖшзЙ\industrial-defect-diffusion\outputs\baselines\patchcore\tile\metadata\tile_patchcore_crack_001.json
tile_patchcore_crack_002,crack,1,C:\Users\zsh\Desktop\цШВхЭдшзЖшзЙ\MVTec_AD\tile\test\crack\002.png,C:\Users\zsh\Desktop\цШВхЭдшзЖшзЙ\MVTec_AD\tile\ground_truth\crack\002_mask.png,1.0043420791625977,C:\Users\zsh\Desktop\цШВхЭдшзЖшзЙ\industrial-defect-diffusion\outputs\baselines\patchcore\tile\anomaly_maps\tile_patchcore_crack_002.png,C:\Users\zsh\Desktop\цШВхЭдшзЖшзЙ\industrial-defect-diffusion\outputs\baselines\patchcore\tile\overlays\tile_patchcore_crack_002.png,C:\Users\zsh\Desktop\цШВхЭдшзЖшзЙ\industrial-defect-diffusion\outputs\baselines\patchcore\tile\mask_previews\tile_patchcore_crack_002_mask.png,C:\Users\zsh\Desktop\цШВхЭдшзЖшзЙ\industrial-defect-diffusion\outputs\baselines\patchcore\tile\metadata\tile_patchcore_crack_002.json
tile_patchcore_crack_003,crack,1,C:\Users\zsh\Desktop\цШВхЭдшзЖшзЙ\MVTec_AD\tile\test\crack\003.png,C:\Users\zsh\Desktop\цШВхЭдшзЖшзЙ\MVTec_AD\tile\ground_truth\crack\003_mask.png,0.9995855093002319,C:\Users\zsh\Desktop\цШВхЭдшзЖшзЙ\industrial-defect-diffusion\outputs\baselines\patchcore\tile\anomaly_maps\tile_patchcore_crack_003.png,C:\Users\zsh\Desktop\цШВхЭдшзЖшзЙ\industrial-defect-diffusion\outputs\baselines\patchcore\tile\overlays\tile_patchcore_crack_003.png,C:\Users\zsh\Desktop\цШВхЭдшзЖшзЙ\industrial-defect-diffusion\outputs\baselines\patchcore\tile\mask_previews\tile_patchcore_crack_003_mask.png,C:\Users\zsh\Desktop\цШВхЭдшзЖшзЙ\industrial-defect-diffusion\outputs\baselines\patchcore\tile\metadata\tile_patchcore_crack_003.json
tile_patchcore_crack_004,crack,1,C:\Users\zsh\Desktop\цШВхЭдшзЖшзЙ\MVTec_AD\tile\test\crack\004.png,C:\Users\zsh\Desktop\цШВхЭдшзЖшзЙ\MVTec_AD\tile\ground_truth\crack\004_mask.png,0.9797773361206055,C:\Users\zsh\Desktop\цШВхЭдшзЖшзЙ\industrial-defect-diffusion\outputs\baselines\patchcore\tile\anomaly_maps\tile_patchcore_crack_004.png,C:\Users\zsh\Desktop\цШВхЭдшзЖшзЙ\industrial-defect-diffusion\outputs\baselines\patchcore\tile\overlays\tile_patchcore_crack_004.png,C:\Users\zsh\Desktop\цШВхЭдшзЖшзЙ\industrial-defect-diffusion\outputs\baselines\patchcore\tile\mask_previews\tile_patchcore_crack_004_mask.png,C:\Users\zsh\Desktop\цШВхЭдшзЖшзЙ\industrial-defect-diffusion\outputs\baselines\patchcore\tile\metadata\tile_patchcore_crack_004.json
tile_patchcore_crack_005,crack,1,C:\Users\zsh\Desktop\цШВхЭдшзЖшзЙ\MVTec_AD\tile\test\crack\005.png,C:\Users\zsh\Desktop\цШВхЭдшзЖшзЙ\MVTec_AD\tile\ground_truth\crack\005_mask.png,0.9220714569091797,C:\Users\zsh\Desktop\цШВхЭдшзЖшзЙ\industrial-defect-diffusion\outputs\baselines\patchcore\tile\anomaly_maps\tile_patchcore_crack_005.png,C:\Users\zsh\Desktop\цШВхЭдшзЖшзЙ\industrial-defect-diffusion\outputs\baselines\patchcore\tile\overlays\tile_patchcore_crack_005.png,C:\Users\zsh\Desktop\цШВхЭдшзЖшзЙ\industrial-defect-diffusion\outputs\baselines\patchcore\tile\mask_previews\tile_patchcore_crack_005_mask.png,C:\Users\zsh\Desktop\цШВхЭдшзЖшзЙ\industrial-defect-diffusion\outputs\baselines\patchcore\tile\metadata\tile_patchcore_crack_005.json
tile_patchcore_crack_006,crack,1,C:\Users\zsh\Desktop\цШВхЭдшзЖшзЙ\MVTec_AD\tile\test\crack\006.png,C:\Users\zsh\Desktop\цШВхЭдшзЖшзЙ\MVTec_AD\tile\ground_truth\crack\006_mask.png,1.0105443000793457,C:\Users\zsh\Desktop\цШВхЭдшзЖшзЙ\industrial-defect-diffusion\outputs\baselines\patchcore\tile\anomaly_maps\tile_patchcore_crack_006.png,C:\Users\zsh\Desktop\цШВхЭдшзЖшзЙ\industrial-defect-diffusion\outputs\baselines\patchcore\tile\overlays\tile_patchcore_crack_006.png,C:\Users\zsh\Desktop\цШВхЭдшзЖшзЙ\industrial-defect-diffusion\outputs\baselines\patchcore\tile\mask_previews\tile_patchcore_crack_006_mask.png,C:\Users\zsh\Desktop\цШВхЭдшзЖшзЙ\industrial-defect-diffusion\outputs\baselines\patchcore\tile\metadata\tile_patchcore_crack_006.json
tile_patchcore_crack_007,crack,1,C:\Users\zsh\Desktop\цШВхЭдшзЖшзЙ\MVTec_AD\tile\test\crack\007.png,C:\Users\zsh\Desktop\цШВхЭдшзЖшзЙ\MVTec_AD\tile\ground_truth\crack\007_mask.png,0.9492753148078918,C:\Users\zsh\Desktop\цШВхЭдшзЖшзЙ\industrial-defect-diffusion\outputs\baselines\patchcore\tile\anomaly_maps\tile_patchcore_crack_007.png,C:\Users\zsh\Desktop\цШВхЭдшзЖшзЙ\industrial-defect-diffusion\outputs\baselines\patchcore\tile\overlays\tile_patchcore_crack_007.png,C:\Users\zsh\Desktop\цШВхЭдшзЖшзЙ\industrial-defect-diffusion\outputs\baselines\patchcore\tile\mask_previews\tile_patchcore_crack_007_mask.png,C:\Users\zsh\Desktop\цШВхЭдшзЖшзЙ\industrial-defect-diffusion\outputs\baselines\patchcore\tile\metadata\tile_patchcore_crack_007.json
tile_patchcore_crack_008,crack,1,C:\Users\zsh\Desktop\цШВхЭдшзЖшзЙ\MVTec_AD\tile\test\crack\008.png,C:\Users\zsh\Desktop\цШВхЭдшзЖшзЙ\MVTec_AD\tile\ground_truth\crack\008_mask.png,0.9796147346496582,C:\Users\zsh\Desktop\цШВхЭдшзЖшзЙ\industrial-defect-diffusion\outputs\baselines\patchcore\tile\anomaly_maps\tile_patchcore_crack_008.png,C:\Users\zsh\Desktop\цШВхЭдшзЖшзЙ\industrial-defect-diffusion\outputs\baselines\patchcore\tile\overlays\tile_patchcore_crack_008.png,C:\Users\zsh\Desktop\цШВхЭдшзЖшзЙ\industrial-defect-diffusion\outputs\baselines\patchcore\tile\mask_previews\tile_patchcore_crack_008_mask.png,C:\Users\zsh\Desktop\цШВхЭдшзЖшзЙ\industrial-defect-diffusion\outputs\baselines\patchcore\tile\metadata\tile_patchcore_crack_008.json
tile_patchcore_crack_009,crack,1,C:\Users\zsh\Desktop\цШВхЭдшзЖшзЙ\MVTec_AD\tile\test\crack\009.png,C:\Users\zsh\Desktop\цШВхЭдшзЖшзЙ\MVTec_AD\tile\ground_truth\crack\009_mask.png,0.9590150713920593,C:\Users\zsh\Desktop\цШВхЭдшзЖшзЙ\industrial-defect-diffusion\outputs\baselines\patchcore\tile\anomaly_maps\tile_patchcore_crack_009.png,C:\Users\zsh\Desktop\цШВхЭдшзЖшзЙ\industrial-defect-diffusion\outputs\baselines\patchcore\tile\overlays\tile_patchcore_crack_009.png,C:\Users\zsh\Desktop\цШВхЭдшзЖшзЙ\industrial-defect-diffusion\outputs\baselines\patchcore\tile\mask_previews\tile_patchcore_crack_009_mask.png,C:\Users\zsh\Desktop\цШВхЭдшзЖшзЙ\industrial-defect-diffusion\outputs\baselines\patchcore\tile\metadata\tile_patchcore_crack_009.json
tile_patchcore_crack_010,crack,1,C:\Users\zsh\Desktop\цШВхЭдшзЖшзЙ\MVTec_AD\tile\test\crack\010.png,C:\Users\zsh\Desktop\цШВхЭдшзЖшзЙ\MVTec_AD\tile\ground_truth\crack\010_mask.png,1.019608736038208,C:\Users\zsh\Desktop\цШВхЭдшзЖшзЙ\industrial-defect-diffusion\outputs\baselines\patchcore\tile\anomaly_maps\tile_patchcore_crack_010.png,C:\Users\zsh\Desktop\цШВхЭдшзЖшзЙ\industrial-defect-diffusion\outputs\baselines\patchcore\tile\overlays\tile_patchcore_crack_010.png,C:\Users\zsh\Desktop\цШВхЭдшзЖшзЙ\industrial-defect-diffusion\outputs\baselines\patchcore\tile\mask_previews\tile_patchcore_crack_010_mask.png,C:\Users\zsh\Desktop\цШВхЭдшзЖшзЙ\industrial-defect-diffusion\outputs\baselines\patchcore\tile\metadata\tile_patchcore_crack_010.json
tile_patchcore_crack_011,crack,1,C:\Users\zsh\Desktop\цШВхЭдшзЖшзЙ\MVTec_AD\tile\test\crack\011.png,C:\Users\zsh\Desktop\цШВхЭдшзЖшзЙ\MVTec_AD\tile\ground_truth\crack\011_mask.png,0.940591037273407,C:\Users\zsh\Desktop\цШВхЭдшзЖшзЙ\industrial-defect-diffusion\outputs\baselines\patchcore\tile\anomaly_maps\tile_patchcore_crack_011.png,C:\Users\zsh\Desktop\цШВхЭдшзЖшзЙ\industrial-defect-diffusion\outputs\baselines\patchcore\tile\overlays\tile_patchcore_crack_011.png,C:\Users\zsh\Desktop\цШВхЭдшзЖшзЙ\industrial-defect-diffusion\outputs\baselines\patchcore\tile\mask_previews\tile_patchcore_crack_011_mask.png,C:\Users\zsh\Desktop\цШВхЭдшзЖшзЙ\industrial-defect-diffusion\outputs\baselines\patchcore\tile\metadata\tile_patchcore_crack_011.json
tile_patchcore_crack_012,crack,1,C:\Users\zsh\Desktop\цШВхЭдшзЖшзЙ\MVTec_AD\tile\test\crack\012.png,C:\Users\zsh\Desktop\цШВхЭдшзЖшзЙ\MVTec_AD\tile\ground_truth\crack\012_mask.png,0.9602383375167847,C:\Users\zsh\Desktop\цШВхЭдшзЖшзЙ\industrial-defect-diffusion\outputs\baselines\patchcore\tile\anomaly_maps\tile_patchcore_crack_012.png,C:\Users\zsh\Desktop\цШВхЭдшзЖшзЙ\industrial-defect-diffusion\outputs\baselines\patchcore\tile\overlays\tile_patchcore_crack_012.png,C:\Users\zsh\Desktop\цШВхЭдшзЖшзЙ\industrial-defect-diffusion\outputs\baselines\patchcore\tile\mask_previews\tile_patchcore_crack_012_mask.png,C:\Users\zsh\Desktop\цШВхЭдшзЖшзЙ\industrial-defect-diffusion\outputs\baselines\patchcore\tile\metadata\tile_patchcore_crack_012.json
tile_patchcore_crack_013,crack,1,C:\Users\zsh\Desktop\цШВхЭдшзЖшзЙ\MVTec_AD\tile\test\crack\013.png,C:\Users\zsh\Desktop\цШВхЭдшзЖшзЙ\MVTec_AD\tile\ground_truth\crack\013_mask.png,0.9240660667419434,C:\Users\zsh\Desktop\цШВхЭдшзЖшзЙ\industrial-defect-diffusion\outputs\baselines\patchcore\tile\anomaly_maps\tile_patchcore_crack_013.png,C:\Users\zsh\Desktop\цШВхЭдшзЖшзЙ\industrial-defect-diffusion\outputs\baselines\patchcore\tile\overlays\tile_patchcore_crack_013.png,C:\Users\zsh\Desktop\цШВхЭдшзЖшзЙ\industrial-defect-diffusion\outputs\baselines\patchcore\tile\mask_previews\tile_patchcore_crack_013_mask.png,C:\Users\zsh\Desktop\цШВхЭдшзЖшзЙ\industrial-defect-diffusion\outputs\baselines\patchcore\tile\metadata\tile_patchcore_crack_013.json
tile_patchcore_crack_014,crack,1,C:\Users\zsh\Desktop\цШВхЭдшзЖшзЙ\MVTec_AD\tile\test\crack\014.png,C:\Users\zsh\Desktop\цШВхЭдшзЖшзЙ\MVTec_AD\tile\ground_truth\crack\014_mask.png,0.9973114728927612,C:\Users\zsh\Desktop\цШВхЭдшзЖшзЙ\industrial-defect-diffusion\outputs\baselines\patchcore\tile\anomaly_maps\tile_patchcore_crack_014.png,C:\Users\zsh\Desktop\цШВхЭдшзЖшзЙ\industrial-defect-diffusion\outputs\baselines\patchcore\tile\overlays\tile_patchcore_crack_014.png,C:\Users\zsh\Desktop\цШВхЭдшзЖшзЙ\industrial-defect-diffusion\outputs\baselines\patchcore\tile\mask_previews\tile_patchcore_crack_014_mask.png,C:\Users\zsh\Desktop\цШВхЭдшзЖшзЙ\industrial-defect-diffusion\outputs\baselines\patchcore\tile\metadata\tile_patchcore_crack_014.json
tile_patchcore_crack_015,crack,1,C:\Users\zsh\Desktop\цШВхЭдшзЖшзЙ\MVTec_AD\tile\test\crack\015.png,C:\Users\zsh\Desktop\цШВхЭдшзЖшзЙ\MVTec_AD\tile\ground_truth\crack\015_mask.png,0.9097033739089966,C:\Users\zsh\Desktop\цШВхЭдшзЖшзЙ\industrial-defect-diffusion\outputs\baselines\patchcore\tile\anomaly_maps\tile_patchcore_crack_015.png,C:\Users\zsh\Desktop\цШВхЭдшзЖшзЙ\industrial-defect-diffusion\outputs\baselines\patchcore\tile\overlays\tile_patchcore_crack_015.png,C:\Users\zsh\Desktop\цШВхЭдшзЖшзЙ\industrial-defect-diffusion\outputs\baselines\patchcore\tile\mask_previews\tile_patchcore_crack_015_mask.png,C:\Users\zsh\Desktop\цШВхЭдшзЖшзЙ\industrial-defect-diffusion\outputs\baselines\patchcore\tile\metadata\tile_patchcore_crack_015.json
tile_patchcore_crack_016,crack,1,C:\Users\zsh\Desktop\цШВхЭдшзЖшзЙ\MVTec_AD\tile\test\crack\016.png,C:\Users\zsh\Desktop\цШВхЭдшзЖшзЙ\MVTec_AD\tile\ground_truth\crack\016_mask.png,0.99309241771698,C:\Users\zsh\Desktop\цШВхЭдшзЖшзЙ\industrial-defect-diffusion\outputs\baselines\patchcore\tile\anomaly_maps\tile_patchcore_crack_016.png,C:\Users\zsh\Desktop\цШВхЭдшзЖшзЙ\industrial-defect-diffusion\outputs\baselines\patchcore\tile\overlays\tile_patchcore_crack_016.png,C:\Users\zsh\Desktop\цШВхЭдшзЖшзЙ\industrial-defect-diffusion\outputs\baselines\patchcore\tile\mask_previews\tile_patchcore_crack_016_mask.png,C:\Users\zsh\Desktop\цШВхЭдшзЖшзЙ\industrial-defect-diffusion\outputs\baselines\patchcore\tile\metadata\tile_patchcore_crack_016.json
tile_patchcore_glue_strip_000,glue_strip,1,C:\Users\zsh\Desktop\цШВхЭдшзЖшзЙ\MVTec_AD\tile\test\glue_strip\000.png,C:\Users\zsh\Desktop\цШВхЭдшзЖшзЙ\MVTec_AD\tile\ground_truth\glue_strip\000_mask.png,0.9529700875282288,C:\Users\zsh\Desktop\цШВхЭдшзЖшзЙ\industrial-defect-diffusion\outputs\baselines\patchcore\tile\anomaly_maps\tile_patchcore_glue_strip_000.png,C:\Users\zsh\Desktop\цШВхЭдшзЖшзЙ\industrial-defect-diffusion\outputs\baselines\patchcore\tile\overlays\tile_patchcore_glue_strip_000.png,C:\Users\zsh\Desktop\цШВхЭдшзЖшзЙ\industrial-defect-diffusion\outputs\baselines\patchcore\tile\mask_previews\tile_patchcore_glue_strip_000_mask.png,C:\Users\zsh\Desktop\цШВхЭдшзЖшзЙ\industrial-defect-diffusion\outputs\baselines\patchcore\tile\metadata\tile_patchcore_glue_strip_000.json
tile_patchcore_glue_strip_001,glue_strip,1,C:\Users\zsh\Desktop\цШВхЭдшзЖшзЙ\MVTec_AD\tile\test\glue_strip\001.png,C:\Users\zsh\Desktop\цШВхЭдшзЖшзЙ\MVTec_AD\tile\ground_truth\glue_strip\001_mask.png,0.9575831294059753,C:\Users\zsh\Desktop\цШВхЭдшзЖшзЙ\industrial-defect-diffusion\outputs\baselines\patchcore\tile\anomaly_maps\tile_patchcore_glue_strip_001.png,C:\Users\zsh\Desktop\цШВхЭдшзЖшзЙ\industrial-defect-diffusion\outputs\baselines\patchcore\tile\overlays\tile_patchcore_glue_strip_001.png,C:\Users\zsh\Desktop\цШВхЭдшзЖшзЙ\industrial-defect-diffusion\outputs\baselines\patchcore\tile\mask_previews\tile_patchcore_glue_strip_001_mask.png,C:\Users\zsh\Desktop\цШВхЭдшзЖшзЙ\industrial-defect-diffusion\outputs\baselines\patchcore\tile\metadata\tile_patchcore_glue_strip_001.json
tile_patchcore_glue_strip_002,glue_strip,1,C:\Users\zsh\Desktop\цШВхЭдшзЖшзЙ\MVTec_AD\tile\test\glue_strip\002.png,C:\Users\zsh\Desktop\цШВхЭдшзЖшзЙ\MVTec_AD\tile\ground_truth\glue_strip\002_mask.png,0.8693691492080688,C:\Users\zsh\Desktop\цШВхЭдшзЖшзЙ\industrial-defect-diffusion\outputs\baselines\patchcore\tile\anomaly_maps\tile_patchcore_glue_strip_002.png,C:\Users\zsh\Desktop\цШВхЭдшзЖшзЙ\industrial-defect-diffusion\outputs\baselines\patchcore\tile\overlays\tile_patchcore_glue_strip_002.png,C:\Users\zsh\Desktop\цШВхЭдшзЖшзЙ\industrial-defect-diffusion\outputs\baselines\patchcore\tile\mask_previews\tile_patchcore_glue_strip_002_mask.png,C:\Users\zsh\Desktop\цШВхЭдшзЖшзЙ\industrial-defect-diffusion\outputs\baselines\patchcore\tile\metadata\tile_patchcore_glue_strip_002.json
tile_patchcore_glue_strip_003,glue_strip,1,C:\Users\zsh\Desktop\цШВхЭдшзЖшзЙ\MVTec_AD\tile\test\glue_strip\003.png,C:\Users\zsh\Desktop\цШВхЭдшзЖшзЙ\MVTec_AD\tile\ground_truth\glue_strip\003_mask.png,0.9577195048332214,C:\Users\zsh\Desktop\цШВхЭдшзЖшзЙ\industrial-defect-diffusion\outputs\baselines\patchcore\tile\anomaly_maps\tile_patchcore_glue_strip_003.png,C:\Users\zsh\Desktop\цШВхЭдшзЖшзЙ\industrial-defect-diffusion\outputs\baselines\patchcore\tile\overlays\tile_patchcore_glue_strip_003.png,C:\Users\zsh\Desktop\цШВхЭдшзЖшзЙ\industrial-defect-diffusion\outputs\baselines\patchcore\tile\mask_previews\tile_patchcore_glue_strip_003_mask.png,C:\Users\zsh\Desktop\цШВхЭдшзЖшзЙ\industrial-defect-diffusion\outputs\baselines\patchcore\tile\metadata\tile_patchcore_glue_strip_003.json
tile_patchcore_glue_strip_004,glue_strip,1,C:\Users\zsh\Desktop\цШВхЭдшзЖшзЙ\MVTec_AD\tile\test\glue_strip\004.png,C:\Users\zsh\Desktop\цШВхЭдшзЖшзЙ\MVTec_AD\tile\ground_truth\glue_strip\004_mask.png,1.0225975513458252,C:\Users\zsh\Desktop\цШВхЭдшзЖшзЙ\industrial-defect-diffusion\outputs\baselines\patchcore\tile\anomaly_maps\tile_patchcore_glue_strip_004.png,C:\Users\zsh\Desktop\цШВхЭдшзЖшзЙ\industrial-defect-diffusion\outputs\baselines\patchcore\tile\overlays\tile_patchcore_glue_strip_004.png,C:\Users\zsh\Desktop\цШВхЭдшзЖшзЙ\industrial-defect-diffusion\outputs\baselines\patchcore\tile\mask_previews\tile_patchcore_glue_strip_004_mask.png,C:\Users\zsh\Desktop\цШВхЭдшзЖшзЙ\industrial-defect-diffusion\outputs\baselines\patchcore\tile\metadata\tile_patchcore_glue_strip_004.json
tile_patchcore_glue_strip_005,glue_strip,1,C:\Users\zsh\Desktop\цШВхЭдшзЖшзЙ\MVTec_AD\tile\test\glue_strip\005.png,C:\Users\zsh\Desktop\цШВхЭдшзЖшзЙ\MVTec_AD\tile\ground_truth\glue_strip\005_mask.png,0.8753484487533569,C:\Users\zsh\Desktop\цШВхЭдшзЖшзЙ\industrial-defect-diffusion\outputs\baselines\patchcore\tile\anomaly_maps\tile_patchcore_glue_strip_005.png,C:\Users\zsh\Desktop\цШВхЭдшзЖшзЙ\industrial-defect-diffusion\outputs\baselines\patchcore\tile\overlays\tile_patchcore_glue_strip_005.png,C:\Users\zsh\Desktop\цШВхЭдшзЖшзЙ\industrial-defect-diffusion\outputs\baselines\patchcore\tile\mask_previews\tile_patchcore_glue_strip_005_mask.png,C:\Users\zsh\Desktop\цШВхЭдшзЖшзЙ\industrial-defect-diffusion\outputs\baselines\patchcore\tile\metadata\tile_patchcore_glue_strip_005.json
tile_patchcore_glue_strip_006,glue_strip,1,C:\Users\zsh\Desktop\цШВхЭдшзЖшзЙ\MVTec_AD\tile\test\glue_strip\006.png,C:\Users\zsh\Desktop\цШВхЭдшзЖшзЙ\MVTec_AD\tile\ground_truth\glue_strip\006_mask.png,0.9232184886932373,C:\Users\zsh\Desktop\цШВхЭдшзЖшзЙ\industrial-defect-diffusion\outputs\baselines\patchcore\tile\anomaly_maps\tile_patchcore_glue_strip_006.png,C:\Users\zsh\Desktop\цШВхЭдшзЖшзЙ\industrial-defect-diffusion\outputs\baselines\patchcore\tile\overlays\tile_patchcore_glue_strip_006.png,C:\Users\zsh\Desktop\цШВхЭдшзЖшзЙ\industrial-defect-diffusion\outputs\baselines\patchcore\tile\mask_previews\tile_patchcore_glue_strip_006_mask.png,C:\Users\zsh\Desktop\цШВхЭдшзЖшзЙ\industrial-defect-diffusion\outputs\baselines\patchcore\tile\metadata\tile_patchcore_glue_strip_006.json
tile_patchcore_glue_strip_007,glue_strip,1,C:\Users\zsh\Desktop\цШВхЭдшзЖшзЙ\MVTec_AD\tile\test\glue_strip\007.png,C:\Users\zsh\Desktop\цШВхЭдшзЖшзЙ\MVTec_AD\tile\ground_truth\glue_strip\007_mask.png,0.8707540035247803,C:\Users\zsh\Desktop\цШВхЭдшзЖшзЙ\industrial-defect-diffusion\outputs\baselines\patchcore\tile\anomaly_maps\tile_patchcore_glue_strip_007.png,C:\Users\zsh\Desktop\цШВхЭдшзЖшзЙ\industrial-defect-diffusion\outputs\baselines\patchcore\tile\overlays\tile_patchcore_glue_strip_007.png,C:\Users\zsh\Desktop\цШВхЭдшзЖшзЙ\industrial-defect-diffusion\outputs\baselines\patchcore\tile\mask_previews\tile_patchcore_glue_strip_007_mask.png,C:\Users\zsh\Desktop\цШВхЭдшзЖшзЙ\industrial-defect-diffusion\outputs\baselines\patchcore\tile\metadata\tile_patchcore_glue_strip_007.json
tile_patchcore_glue_strip_008,glue_strip,1,C:\Users\zsh\Desktop\цШВхЭдшзЖшзЙ\MVTec_AD\tile\test\glue_strip\008.png,C:\Users\zsh\Desktop\цШВхЭдшзЖшзЙ\MVTec_AD\tile\ground_truth\glue_strip\008_mask.png,0.9855217933654785,C:\Users\zsh\Desktop\цШВхЭдшзЖшзЙ\industrial-defect-diffusion\outputs\baselines\patchcore\tile\anomaly_maps\tile_patchcore_glue_strip_008.png,C:\Users\zsh\Desktop\цШВхЭдшзЖшзЙ\industrial-defect-diffusion\outputs\baselines\patchcore\tile\overlays\tile_patchcore_glue_strip_008.png,C:\Users\zsh\Desktop\цШВхЭдшзЖшзЙ\industrial-defect-diffusion\outputs\baselines\patchcore\tile\mask_previews\tile_patchcore_glue_strip_008_mask.png,C:\Users\zsh\Desktop\цШВхЭдшзЖшзЙ\industrial-defect-diffusion\outputs\baselines\patchcore\tile\metadata\tile_patchcore_glue_strip_008.json
tile_patchcore_glue_strip_009,glue_strip,1,C:\Users\zsh\Desktop\цШВхЭдшзЖшзЙ\MVTec_AD\tile\test\glue_strip\009.png,C:\Users\zsh\Desktop\цШВхЭдшзЖшзЙ\MVTec_AD\tile\ground_truth\glue_strip\009_mask.png,0.9737242460250854,C:\Users\zsh\Desktop\цШВхЭдшзЖшзЙ\industrial-defect-diffusion\outputs\baselines\patchcore\tile\anomaly_maps\tile_patchcore_glue_strip_009.png,C:\Users\zsh\Desktop\цШВхЭдшзЖшзЙ\industrial-defect-diffusion\outputs\baselines\patchcore\tile\overlays\tile_patchcore_glue_strip_009.png,C:\Users\zsh\Desktop\цШВхЭдшзЖшзЙ\industrial-defect-diffusion\outputs\baselines\patchcore\tile\mask_previews\tile_patchcore_glue_strip_009_mask.png,C:\Users\zsh\Desktop\цШВхЭдшзЖшзЙ\industrial-defect-diffusion\outputs\baselines\patchcore\tile\metadata\tile_patchcore_glue_strip_009.json
tile_patchcore_glue_strip_010,glue_strip,1,C:\Users\zsh\Desktop\цШВхЭдшзЖшзЙ\MVTec_AD\tile\test\glue_strip\010.png,C:\Users\zsh\Desktop\цШВхЭдшзЖшзЙ\MVTec_AD\tile\ground_truth\glue_strip\010_mask.png,0.8881096839904785,C:\Users\zsh\Desktop\цШВхЭдшзЖшзЙ\industrial-defect-diffusion\outputs\baselines\patchcore\tile\anomaly_maps\tile_patchcore_glue_strip_010.png,C:\Users\zsh\Desktop\цШВхЭдшзЖшзЙ\industrial-defect-diffusion\outputs\baselines\patchcore\tile\overlays\tile_patchcore_glue_strip_010.png,C:\Users\zsh\Desktop\цШВхЭдшзЖшзЙ\industrial-defect-diffusion\outputs\baselines\patchcore\tile\mask_previews\tile_patchcore_glue_strip_010_mask.png,C:\Users\zsh\Desktop\цШВхЭдшзЖшзЙ\industrial-defect-diffusion\outputs\baselines\patchcore\tile\metadata\tile_patchcore_glue_strip_010.json
tile_patchcore_glue_strip_011,glue_strip,1,C:\Users\zsh\Desktop\цШВхЭдшзЖшзЙ\MVTec_AD\tile\test\glue_strip\011.png,C:\Users\zsh\Desktop\цШВхЭдшзЖшзЙ\MVTec_AD\tile\ground_truth\glue_strip\011_mask.png,0.8986035585403442,C:\Users\zsh\Desktop\цШВхЭдшзЖшзЙ\industrial-defect-diffusion\outputs\baselines\patchcore\tile\anomaly_maps\tile_patchcore_glue_strip_011.png,C:\Users\zsh\Desktop\цШВхЭдшзЖшзЙ\industrial-defect-diffusion\outputs\baselines\patchcore\tile\overlays\tile_patchcore_glue_strip_011.png,C:\Users\zsh\Desktop\цШВхЭдшзЖшзЙ\industrial-defect-diffusion\outputs\baselines\patchcore\tile\mask_previews\tile_patchcore_glue_strip_011_mask.png,C:\Users\zsh\Desktop\цШВхЭдшзЖшзЙ\industrial-defect-diffusion\outputs\baselines\patchcore\tile\metadata\tile_patchcore_glue_strip_011.json
tile_patchcore_glue_strip_012,glue_strip,1,C:\Users\zsh\Desktop\цШВхЭдшзЖшзЙ\MVTec_AD\tile\test\glue_strip\012.png,C:\Users\zsh\Desktop\цШВхЭдшзЖшзЙ\MVTec_AD\tile\ground_truth\glue_strip\012_mask.png,0.9423338174819946,C:\Users\zsh\Desktop\цШВхЭдшзЖшзЙ\industrial-defect-diffusion\outputs\baselines\patchcore\tile\anomaly_maps\tile_patchcore_glue_strip_012.png,C:\Users\zsh\Desktop\цШВхЭдшзЖшзЙ\industrial-defect-diffusion\outputs\baselines\patchcore\tile\overlays\tile_patchcore_glue_strip_012.png,C:\Users\zsh\Desktop\цШВхЭдшзЖшзЙ\industrial-defect-diffusion\outputs\baselines\patchcore\tile\mask_previews\tile_patchcore_glue_strip_012_mask.png,C:\Users\zsh\Desktop\цШВхЭдшзЖшзЙ\industrial-defect-diffusion\outputs\baselines\patchcore\tile\metadata\tile_patchcore_glue_strip_012.json
tile_patchcore_glue_strip_013,glue_strip,1,C:\Users\zsh\Desktop\цШВхЭдшзЖшзЙ\MVTec_AD\tile\test\glue_strip\013.png,C:\Users\zsh\Desktop\цШВхЭдшзЖшзЙ\MVTec_AD\tile\ground_truth\glue_strip\013_mask.png,0.896633505821228,C:\Users\zsh\Desktop\цШВхЭдшзЖшзЙ\industrial-defect-diffusion\outputs\baselines\patchcore\tile\anomaly_maps\tile_patchcore_glue_strip_013.png,C:\Users\zsh\Desktop\цШВхЭдшзЖшзЙ\industrial-defect-diffusion\outputs\baselines\patchcore\tile\overlays\tile_patchcore_glue_strip_013.png,C:\Users\zsh\Desktop\цШВхЭдшзЖшзЙ\industrial-defect-diffusion\outputs\baselines\patchcore\tile\mask_previews\tile_patchcore_glue_strip_013_mask.png,C:\Users\zsh\Desktop\цШВхЭдшзЖшзЙ\industrial-defect-diffusion\outputs\baselines\patchcore\tile\metadata\tile_patchcore_glue_strip_013.json
tile_patchcore_glue_strip_014,glue_strip,1,C:\Users\zsh\Desktop\цШВхЭдшзЖшзЙ\MVTec_AD\tile\test\glue_strip\014.png,C:\Users\zsh\Desktop\цШВхЭдшзЖшзЙ\MVTec_AD\tile\ground_truth\glue_strip\014_mask.png,0.9032568335533142,C:\Users\zsh\Desktop\цШВхЭдшзЖшзЙ\industrial-defect-diffusion\outputs\baselines\patchcore\tile\anomaly_maps\tile_patchcore_glue_strip_014.png,C:\Users\zsh\Desktop\цШВхЭдшзЖшзЙ\industrial-defect-diffusion\outputs\baselines\patchcore\tile\overlays\tile_patchcore_glue_strip_014.png,C:\Users\zsh\Desktop\цШВхЭдшзЖшзЙ\industrial-defect-diffusion\outputs\baselines\patchcore\tile\mask_previews\tile_patchcore_glue_strip_014_mask.png,C:\Users\zsh\Desktop\цШВхЭдшзЖшзЙ\industrial-defect-diffusion\outputs\baselines\patchcore\tile\metadata\tile_patchcore_glue_strip_014.json
tile_patchcore_glue_strip_015,glue_strip,1,C:\Users\zsh\Desktop\цШВхЭдшзЖшзЙ\MVTec_AD\tile\test\glue_strip\015.png,C:\Users\zsh\Desktop\цШВхЭдшзЖшзЙ\MVTec_AD\tile\ground_truth\glue_strip\015_mask.png,0.8890780806541443,C:\Users\zsh\Desktop\цШВхЭдшзЖшзЙ\industrial-defect-diffusion\outputs\baselines\patchcore\tile\anomaly_maps\tile_patchcore_glue_strip_015.png,C:\Users\zsh\Desktop\цШВхЭдшзЖшзЙ\industrial-defect-diffusion\outputs\baselines\patchcore\tile\overlays\tile_patchcore_glue_strip_015.png,C:\Users\zsh\Desktop\цШВхЭдшзЖшзЙ\industrial-defect-diffusion\outputs\baselines\patchcore\tile\mask_previews\tile_patchcore_glue_strip_015_mask.png,C:\Users\zsh\Desktop\цШВхЭдшзЖшзЙ\industrial-defect-diffusion\outputs\baselines\patchcore\tile\metadata\tile_patchcore_glue_strip_015.json
tile_patchcore_glue_strip_016,glue_strip,1,C:\Users\zsh\Desktop\цШВхЭдшзЖшзЙ\MVTec_AD\tile\test\glue_strip\016.png,C:\Users\zsh\Desktop\цШВхЭдшзЖшзЙ\MVTec_AD\tile\ground_truth\glue_strip\016_mask.png,0.8641735315322876,C:\Users\zsh\Desktop\цШВхЭдшзЖшзЙ\industrial-defect-diffusion\outputs\baselines\patchcore\tile\anomaly_maps\tile_patchcore_glue_strip_016.png,C:\Users\zsh\Desktop\цШВхЭдшзЖшзЙ\industrial-defect-diffusion\outputs\baselines\patchcore\tile\overlays\tile_patchcore_glue_strip_016.png,C:\Users\zsh\Desktop\цШВхЭдшзЖшзЙ\industrial-defect-diffusion\outputs\baselines\patchcore\tile\mask_previews\tile_patchcore_glue_strip_016_mask.png,C:\Users\zsh\Desktop\цШВхЭдшзЖшзЙ\industrial-defect-diffusion\outputs\baselines\patchcore\tile\metadata\tile_patchcore_glue_strip_016.json
tile_patchcore_glue_strip_017,glue_strip,1,C:\Users\zsh\Desktop\цШВхЭдшзЖшзЙ\MVTec_AD\tile\test\glue_strip\017.png,C:\Users\zsh\Desktop\цШВхЭдшзЖшзЙ\MVTec_AD\tile\ground_truth\glue_strip\017_mask.png,1.008834958076477,C:\Users\zsh\Desktop\цШВхЭдшзЖшзЙ\industrial-defect-diffusion\outputs\baselines\patchcore\tile\anomaly_maps\tile_patchcore_glue_strip_017.png,C:\Users\zsh\Desktop\цШВхЭдшзЖшзЙ\industrial-defect-diffusion\outputs\baselines\patchcore\tile\overlays\tile_patchcore_glue_strip_017.png,C:\Users\zsh\Desktop\цШВхЭдшзЖшзЙ\industrial-defect-diffusion\outputs\baselines\patchcore\tile\mask_previews\tile_patchcore_glue_strip_017_mask.png,C:\Users\zsh\Desktop\цШВхЭдшзЖшзЙ\industrial-defect-diffusion\outputs\baselines\patchcore\tile\metadata\tile_patchcore_glue_strip_017.json
tile_patchcore_gray_stroke_000,gray_stroke,1,C:\Users\zsh\Desktop\цШВхЭдшзЖшзЙ\MVTec_AD\tile\test\gray_stroke\000.png,C:\Users\zsh\Desktop\цШВхЭдшзЖшзЙ\MVTec_AD\tile\ground_truth\gray_stroke\000_mask.png,0.7527881264686584,C:\Users\zsh\Desktop\цШВхЭдшзЖшзЙ\industrial-defect-diffusion\outputs\baselines\patchcore\tile\anomaly_maps\tile_patchcore_gray_stroke_000.png,C:\Users\zsh\Desktop\цШВхЭдшзЖшзЙ\industrial-defect-diffusion\outputs\baselines\patchcore\tile\overlays\tile_patchcore_gray_stroke_000.png,C:\Users\zsh\Desktop\цШВхЭдшзЖшзЙ\industrial-defect-diffusion\outputs\baselines\patchcore\tile\mask_previews\tile_patchcore_gray_stroke_000_mask.png,C:\Users\zsh\Desktop\цШВхЭдшзЖшзЙ\industrial-defect-diffusion\outputs\baselines\patchcore\tile\metadata\tile_patchcore_gray_stroke_000.json
tile_patchcore_gray_stroke_001,gray_stroke,1,C:\Users\zsh\Desktop\цШВхЭдшзЖшзЙ\MVTec_AD\tile\test\gray_stroke\001.png,C:\Users\zsh\Desktop\цШВхЭдшзЖшзЙ\MVTec_AD\tile\ground_truth\gray_stroke\001_mask.png,0.7893163561820984,C:\Users\zsh\Desktop\цШВхЭдшзЖшзЙ\industrial-defect-diffusion\outputs\baselines\patchcore\tile\anomaly_maps\tile_patchcore_gray_stroke_001.png,C:\Users\zsh\Desktop\цШВхЭдшзЖшзЙ\industrial-defect-diffusion\outputs\baselines\patchcore\tile\overlays\tile_patchcore_gray_stroke_001.png,C:\Users\zsh\Desktop\цШВхЭдшзЖшзЙ\industrial-defect-diffusion\outputs\baselines\patchcore\tile\mask_previews\tile_patchcore_gray_stroke_001_mask.png,C:\Users\zsh\Desktop\цШВхЭдшзЖшзЙ\industrial-defect-diffusion\outputs\baselines\patchcore\tile\metadata\tile_patchcore_gray_stroke_001.json
tile_patchcore_gray_stroke_002,gray_stroke,1,C:\Users\zsh\Desktop\цШВхЭдшзЖшзЙ\MVTec_AD\tile\test\gray_stroke\002.png,C:\Users\zsh\Desktop\цШВхЭдшзЖшзЙ\MVTec_AD\tile\ground_truth\gray_stroke\002_mask.png,0.7748960852622986,C:\Users\zsh\Desktop\цШВхЭдшзЖшзЙ\industrial-defect-diffusion\outputs\baselines\patchcore\tile\anomaly_maps\tile_patchcore_gray_stroke_002.png,C:\Users\zsh\Desktop\цШВхЭдшзЖшзЙ\industrial-defect-diffusion\outputs\baselines\patchcore\tile\overlays\tile_patchcore_gray_stroke_002.png,C:\Users\zsh\Desktop\цШВхЭдшзЖшзЙ\industrial-defect-diffusion\outputs\baselines\patchcore\tile\mask_previews\tile_patchcore_gray_stroke_002_mask.png,C:\Users\zsh\Desktop\цШВхЭдшзЖшзЙ\industrial-defect-diffusion\outputs\baselines\patchcore\tile\metadata\tile_patchcore_gray_stroke_002.json
tile_patchcore_gray_stroke_003,gray_stroke,1,C:\Users\zsh\Desktop\цШВхЭдшзЖшзЙ\MVTec_AD\tile\test\gray_stroke\003.png,C:\Users\zsh\Desktop\цШВхЭдшзЖшзЙ\MVTec_AD\tile\ground_truth\gray_stroke\003_mask.png,0.7739799618721008,C:\Users\zsh\Desktop\цШВхЭдшзЖшзЙ\industrial-defect-diffusion\outputs\baselines\patchcore\tile\anomaly_maps\tile_patchcore_gray_stroke_003.png,C:\Users\zsh\Desktop\цШВхЭдшзЖшзЙ\industrial-defect-diffusion\outputs\baselines\patchcore\tile\overlays\tile_patchcore_gray_stroke_003.png,C:\Users\zsh\Desktop\цШВхЭдшзЖшзЙ\industrial-defect-diffusion\outputs\baselines\patchcore\tile\mask_previews\tile_patchcore_gray_stroke_003_mask.png,C:\Users\zsh\Desktop\цШВхЭдшзЖшзЙ\industrial-defect-diffusion\outputs\baselines\patchcore\tile\metadata\tile_patchcore_gray_stroke_003.json
tile_patchcore_gray_stroke_004,gray_stroke,1,C:\Users\zsh\Desktop\цШВхЭдшзЖшзЙ\MVTec_AD\tile\test\gray_stroke\004.png,C:\Users\zsh\Desktop\цШВхЭдшзЖшзЙ\MVTec_AD\tile\ground_truth\gray_stroke\004_mask.png,0.7827394604682922,C:\Users\zsh\Desktop\цШВхЭдшзЖшзЙ\industrial-defect-diffusion\outputs\baselines\patchcore\tile\anomaly_maps\tile_patchcore_gray_stroke_004.png,C:\Users\zsh\Desktop\цШВхЭдшзЖшзЙ\industrial-defect-diffusion\outputs\baselines\patchcore\tile\overlays\tile_patchcore_gray_stroke_004.png,C:\Users\zsh\Desktop\цШВхЭдшзЖшзЙ\industrial-defect-diffusion\outputs\baselines\patchcore\tile\mask_previews\tile_patchcore_gray_stroke_004_mask.png,C:\Users\zsh\Desktop\цШВхЭдшзЖшзЙ\industrial-defect-diffusion\outputs\baselines\patchcore\tile\metadata\tile_patchcore_gray_stroke_004.json
tile_patchcore_gray_stroke_005,gray_stroke,1,C:\Users\zsh\Desktop\цШВхЭдшзЖшзЙ\MVTec_AD\tile\test\gray_stroke\005.png,C:\Users\zsh\Desktop\цШВхЭдшзЖшзЙ\MVTec_AD\tile\ground_truth\gray_stroke\005_mask.png,0.7585641145706177,C:\Users\zsh\Desktop\цШВхЭдшзЖшзЙ\industrial-defect-diffusion\outputs\baselines\patchcore\tile\anomaly_maps\tile_patchcore_gray_stroke_005.png,C:\Users\zsh\Desktop\цШВхЭдшзЖшзЙ\industrial-defect-diffusion\outputs\baselines\patchcore\tile\overlays\tile_patchcore_gray_stroke_005.png,C:\Users\zsh\Desktop\цШВхЭдшзЖшзЙ\industrial-defect-diffusion\outputs\baselines\patchcore\tile\mask_previews\tile_patchcore_gray_stroke_005_mask.png,C:\Users\zsh\Desktop\цШВхЭдшзЖшзЙ\industrial-defect-diffusion\outputs\baselines\patchcore\tile\metadata\tile_patchcore_gray_stroke_005.json
tile_patchcore_gray_stroke_006,gray_stroke,1,C:\Users\zsh\Desktop\цШВхЭдшзЖшзЙ\MVTec_AD\tile\test\gray_stroke\006.png,C:\Users\zsh\Desktop\цШВхЭдшзЖшзЙ\MVTec_AD\tile\ground_truth\gray_stroke\006_mask.png,0.7732013463973999,C:\Users\zsh\Desktop\цШВхЭдшзЖшзЙ\industrial-defect-diffusion\outputs\baselines\patchcore\tile\anomaly_maps\tile_patchcore_gray_stroke_006.png,C:\Users\zsh\Desktop\цШВхЭдшзЖшзЙ\industrial-defect-diffusion\outputs\baselines\patchcore\tile\overlays\tile_patchcore_gray_stroke_006.png,C:\Users\zsh\Desktop\цШВхЭдшзЖшзЙ\industrial-defect-diffusion\outputs\baselines\patchcore\tile\mask_previews\tile_patchcore_gray_stroke_006_mask.png,C:\Users\zsh\Desktop\цШВхЭдшзЖшзЙ\industrial-defect-diffusion\outputs\baselines\patchcore\tile\metadata\tile_patchcore_gray_stroke_006.json
tile_patchcore_gray_stroke_007,gray_stroke,1,C:\Users\zsh\Desktop\цШВхЭдшзЖшзЙ\MVTec_AD\tile\test\gray_stroke\007.png,C:\Users\zsh\Desktop\цШВхЭдшзЖшзЙ\MVTec_AD\tile\ground_truth\gray_stroke\007_mask.png,0.7671946287155151,C:\Users\zsh\Desktop\цШВхЭдшзЖшзЙ\industrial-defect-diffusion\outputs\baselines\patchcore\tile\anomaly_maps\tile_patchcore_gray_stroke_007.png,C:\Users\zsh\Desktop\цШВхЭдшзЖшзЙ\industrial-defect-diffusion\outputs\baselines\patchcore\tile\overlays\tile_patchcore_gray_stroke_007.png,C:\Users\zsh\Desktop\цШВхЭдшзЖшзЙ\industrial-defect-diffusion\outputs\baselines\patchcore\tile\mask_previews\tile_patchcore_gray_stroke_007_mask.png,C:\Users\zsh\Desktop\цШВхЭдшзЖшзЙ\industrial-defect-diffusion\outputs\baselines\patchcore\tile\metadata\tile_patchcore_gray_stroke_007.json
tile_patchcore_gray_stroke_008,gray_stroke,1,C:\Users\zsh\Desktop\цШВхЭдшзЖшзЙ\MVTec_AD\tile\test\gray_stroke\008.png,C:\Users\zsh\Desktop\цШВхЭдшзЖшзЙ\MVTec_AD\tile\ground_truth\gray_stroke\008_mask.png,0.8150139451026917,C:\Users\zsh\Desktop\цШВхЭдшзЖшзЙ\industrial-defect-diffusion\outputs\baselines\patchcore\tile\anomaly_maps\tile_patchcore_gray_stroke_008.png,C:\Users\zsh\Desktop\цШВхЭдшзЖшзЙ\industrial-defect-diffusion\outputs\baselines\patchcore\tile\overlays\tile_patchcore_gray_stroke_008.png,C:\Users\zsh\Desktop\цШВхЭдшзЖшзЙ\industrial-defect-diffusion\outputs\baselines\patchcore\tile\mask_previews\tile_patchcore_gray_stroke_008_mask.png,C:\Users\zsh\Desktop\цШВхЭдшзЖшзЙ\industrial-defect-diffusion\outputs\baselines\patchcore\tile\metadata\tile_patchcore_gray_stroke_008.json
tile_patchcore_gray_stroke_009,gray_stroke,1,C:\Users\zsh\Desktop\цШВхЭдшзЖшзЙ\MVTec_AD\tile\test\gray_stroke\009.png,C:\Users\zsh\Desktop\цШВхЭдшзЖшзЙ\MVTec_AD\tile\ground_truth\gray_stroke\009_mask.png,0.7652904987335205,C:\Users\zsh\Desktop\цШВхЭдшзЖшзЙ\industrial-defect-diffusion\outputs\baselines\patchcore\tile\anomaly_maps\tile_patchcore_gray_stroke_009.png,C:\Users\zsh\Desktop\цШВхЭдшзЖшзЙ\industrial-defect-diffusion\outputs\baselines\patchcore\tile\overlays\tile_patchcore_gray_stroke_009.png,C:\Users\zsh\Desktop\цШВхЭдшзЖшзЙ\industrial-defect-diffusion\outputs\baselines\patchcore\tile\mask_previews\tile_patchcore_gray_stroke_009_mask.png,C:\Users\zsh\Desktop\цШВхЭдшзЖшзЙ\industrial-defect-diffusion\outputs\baselines\patchcore\tile\metadata\tile_patchcore_gray_stroke_009.json
tile_patchcore_gray_stroke_010,gray_stroke,1,C:\Users\zsh\Desktop\цШВхЭдшзЖшзЙ\MVTec_AD\tile\test\gray_stroke\010.png,C:\Users\zsh\Desktop\цШВхЭдшзЖшзЙ\MVTec_AD\tile\ground_truth\gray_stroke\010_mask.png,0.7793219089508057,C:\Users\zsh\Desktop\цШВхЭдшзЖшзЙ\industrial-defect-diffusion\outputs\baselines\patchcore\tile\anomaly_maps\tile_patchcore_gray_stroke_010.png,C:\Users\zsh\Desktop\цШВхЭдшзЖшзЙ\industrial-defect-diffusion\outputs\baselines\patchcore\tile\overlays\tile_patchcore_gray_stroke_010.png,C:\Users\zsh\Desktop\цШВхЭдшзЖшзЙ\industrial-defect-diffusion\outputs\baselines\patchcore\tile\mask_previews\tile_patchcore_gray_stroke_010_mask.png,C:\Users\zsh\Desktop\цШВхЭдшзЖшзЙ\industrial-defect-diffusion\outputs\baselines\patchcore\tile\metadata\tile_patchcore_gray_stroke_010.json
tile_patchcore_gray_stroke_011,gray_stroke,1,C:\Users\zsh\Desktop\цШВхЭдшзЖшзЙ\MVTec_AD\tile\test\gray_stroke\011.png,C:\Users\zsh\Desktop\цШВхЭдшзЖшзЙ\MVTec_AD\tile\ground_truth\gray_stroke\011_mask.png,0.837736964225769,C:\Users\zsh\Desktop\цШВхЭдшзЖшзЙ\industrial-defect-diffusion\outputs\baselines\patchcore\tile\anomaly_maps\tile_patchcore_gray_stroke_011.png,C:\Users\zsh\Desktop\цШВхЭдшзЖшзЙ\industrial-defect-diffusion\outputs\baselines\patchcore\tile\overlays\tile_patchcore_gray_stroke_011.png,C:\Users\zsh\Desktop\цШВхЭдшзЖшзЙ\industrial-defect-diffusion\outputs\baselines\patchcore\tile\mask_previews\tile_patchcore_gray_stroke_011_mask.png,C:\Users\zsh\Desktop\цШВхЭдшзЖшзЙ\industrial-defect-diffusion\outputs\baselines\patchcore\tile\metadata\tile_patchcore_gray_stroke_011.json
tile_patchcore_gray_stroke_012,gray_stroke,1,C:\Users\zsh\Desktop\цШВхЭдшзЖшзЙ\MVTec_AD\tile\test\gray_stroke\012.png,C:\Users\zsh\Desktop\цШВхЭдшзЖшзЙ\MVTec_AD\tile\ground_truth\gray_stroke\012_mask.png,0.709831714630127,C:\Users\zsh\Desktop\цШВхЭдшзЖшзЙ\industrial-defect-diffusion\outputs\baselines\patchcore\tile\anomaly_maps\tile_patchcore_gray_stroke_012.png,C:\Users\zsh\Desktop\цШВхЭдшзЖшзЙ\industrial-defect-diffusion\outputs\baselines\patchcore\tile\overlays\tile_patchcore_gray_stroke_012.png,C:\Users\zsh\Desktop\цШВхЭдшзЖшзЙ\industrial-defect-diffusion\outputs\baselines\patchcore\tile\mask_previews\tile_patchcore_gray_stroke_012_mask.png,C:\Users\zsh\Desktop\цШВхЭдшзЖшзЙ\industrial-defect-diffusion\outputs\baselines\patchcore\tile\metadata\tile_patchcore_gray_stroke_012.json
tile_patchcore_gray_stroke_013,gray_stroke,1,C:\Users\zsh\Desktop\цШВхЭдшзЖшзЙ\MVTec_AD\tile\test\gray_stroke\013.png,C:\Users\zsh\Desktop\цШВхЭдшзЖшзЙ\MVTec_AD\tile\ground_truth\gray_stroke\013_mask.png,0.9013922214508057,C:\Users\zsh\Desktop\цШВхЭдшзЖшзЙ\industrial-defect-diffusion\outputs\baselines\patchcore\tile\anomaly_maps\tile_patchcore_gray_stroke_013.png,C:\Users\zsh\Desktop\цШВхЭдшзЖшзЙ\industrial-defect-diffusion\outputs\baselines\patchcore\tile\overlays\tile_patchcore_gray_stroke_013.png,C:\Users\zsh\Desktop\цШВхЭдшзЖшзЙ\industrial-defect-diffusion\outputs\baselines\patchcore\tile\mask_previews\tile_patchcore_gray_stroke_013_mask.png,C:\Users\zsh\Desktop\цШВхЭдшзЖшзЙ\industrial-defect-diffusion\outputs\baselines\patchcore\tile\metadata\tile_patchcore_gray_stroke_013.json
tile_patchcore_gray_stroke_014,gray_stroke,1,C:\Users\zsh\Desktop\цШВхЭдшзЖшзЙ\MVTec_AD\tile\test\gray_stroke\014.png,C:\Users\zsh\Desktop\цШВхЭдшзЖшзЙ\MVTec_AD\tile\ground_truth\gray_stroke\014_mask.png,0.7670614719390869,C:\Users\zsh\Desktop\цШВхЭдшзЖшзЙ\industrial-defect-diffusion\outputs\baselines\patchcore\tile\anomaly_maps\tile_patchcore_gray_stroke_014.png,C:\Users\zsh\Desktop\цШВхЭдшзЖшзЙ\industrial-defect-diffusion\outputs\baselines\patchcore\tile\overlays\tile_patchcore_gray_stroke_014.png,C:\Users\zsh\Desktop\цШВхЭдшзЖшзЙ\industrial-defect-diffusion\outputs\baselines\patchcore\tile\mask_previews\tile_patchcore_gray_stroke_014_mask.png,C:\Users\zsh\Desktop\цШВхЭдшзЖшзЙ\industrial-defect-diffusion\outputs\baselines\patchcore\tile\metadata\tile_patchcore_gray_stroke_014.json
tile_patchcore_gray_stroke_015,gray_stroke,1,C:\Users\zsh\Desktop\цШВхЭдшзЖшзЙ\MVTec_AD\tile\test\gray_stroke\015.png,C:\Users\zsh\Desktop\цШВхЭдшзЖшзЙ\MVTec_AD\tile\ground_truth\gray_stroke\015_mask.png,0.7553243041038513,C:\Users\zsh\Desktop\цШВхЭдшзЖшзЙ\industrial-defect-diffusion\outputs\baselines\patchcore\tile\anomaly_maps\tile_patchcore_gray_stroke_015.png,C:\Users\zsh\Desktop\цШВхЭдшзЖшзЙ\industrial-defect-diffusion\outputs\baselines\patchcore\tile\overlays\tile_patchcore_gray_stroke_015.png,C:\Users\zsh\Desktop\цШВхЭдшзЖшзЙ\industrial-defect-diffusion\outputs\baselines\patchcore\tile\mask_previews\tile_patchcore_gray_stroke_015_mask.png,C:\Users\zsh\Desktop\цШВхЭдшзЖшзЙ\industrial-defect-diffusion\outputs\baselines\patchcore\tile\metadata\tile_patchcore_gray_stroke_015.json
tile_patchcore_oil_000,oil,1,C:\Users\zsh\Desktop\цШВхЭдшзЖшзЙ\MVTec_AD\tile\test\oil\000.png,C:\Users\zsh\Desktop\цШВхЭдшзЖшзЙ\MVTec_AD\tile\ground_truth\oil\000_mask.png,0.9048061370849609,C:\Users\zsh\Desktop\цШВхЭдшзЖшзЙ\industrial-defect-diffusion\outputs\baselines\patchcore\tile\anomaly_maps\tile_patchcore_oil_000.png,C:\Users\zsh\Desktop\цШВхЭдшзЖшзЙ\industrial-defect-diffusion\outputs\baselines\patchcore\tile\overlays\tile_patchcore_oil_000.png,C:\Users\zsh\Desktop\цШВхЭдшзЖшзЙ\industrial-defect-diffusion\outputs\baselines\patchcore\tile\mask_previews\tile_patchcore_oil_000_mask.png,C:\Users\zsh\Desktop\цШВхЭдшзЖшзЙ\industrial-defect-diffusion\outputs\baselines\patchcore\tile\metadata\tile_patchcore_oil_000.json
tile_patchcore_oil_001,oil,1,C:\Users\zsh\Desktop\цШВхЭдшзЖшзЙ\MVTec_AD\tile\test\oil\001.png,C:\Users\zsh\Desktop\цШВхЭдшзЖшзЙ\MVTec_AD\tile\ground_truth\oil\001_mask.png,0.9634964466094971,C:\Users\zsh\Desktop\цШВхЭдшзЖшзЙ\industrial-defect-diffusion\outputs\baselines\patchcore\tile\anomaly_maps\tile_patchcore_oil_001.png,C:\Users\zsh\Desktop\цШВхЭдшзЖшзЙ\industrial-defect-diffusion\outputs\baselines\patchcore\tile\overlays\tile_patchcore_oil_001.png,C:\Users\zsh\Desktop\цШВхЭдшзЖшзЙ\industrial-defect-diffusion\outputs\baselines\patchcore\tile\mask_previews\tile_patchcore_oil_001_mask.png,C:\Users\zsh\Desktop\цШВхЭдшзЖшзЙ\industrial-defect-diffusion\outputs\baselines\patchcore\tile\metadata\tile_patchcore_oil_001.json
tile_patchcore_oil_002,oil,1,C:\Users\zsh\Desktop\цШВхЭдшзЖшзЙ\MVTec_AD\tile\test\oil\002.png,C:\Users\zsh\Desktop\цШВхЭдшзЖшзЙ\MVTec_AD\tile\ground_truth\oil\002_mask.png,0.8977227210998535,C:\Users\zsh\Desktop\цШВхЭдшзЖшзЙ\industrial-defect-diffusion\outputs\baselines\patchcore\tile\anomaly_maps\tile_patchcore_oil_002.png,C:\Users\zsh\Desktop\цШВхЭдшзЖшзЙ\industrial-defect-diffusion\outputs\baselines\patchcore\tile\overlays\tile_patchcore_oil_002.png,C:\Users\zsh\Desktop\цШВхЭдшзЖшзЙ\industrial-defect-diffusion\outputs\baselines\patchcore\tile\mask_previews\tile_patchcore_oil_002_mask.png,C:\Users\zsh\Desktop\цШВхЭдшзЖшзЙ\industrial-defect-diffusion\outputs\baselines\patchcore\tile\metadata\tile_patchcore_oil_002.json
tile_patchcore_oil_003,oil,1,C:\Users\zsh\Desktop\цШВхЭдшзЖшзЙ\MVTec_AD\tile\test\oil\003.png,C:\Users\zsh\Desktop\цШВхЭдшзЖшзЙ\MVTec_AD\tile\ground_truth\oil\003_mask.png,0.9105217456817627,C:\Users\zsh\Desktop\цШВхЭдшзЖшзЙ\industrial-defect-diffusion\outputs\baselines\patchcore\tile\anomaly_maps\tile_patchcore_oil_003.png,C:\Users\zsh\Desktop\цШВхЭдшзЖшзЙ\industrial-defect-diffusion\outputs\baselines\patchcore\tile\overlays\tile_patchcore_oil_003.png,C:\Users\zsh\Desktop\цШВхЭдшзЖшзЙ\industrial-defect-diffusion\outputs\baselines\patchcore\tile\mask_previews\tile_patchcore_oil_003_mask.png,C:\Users\zsh\Desktop\цШВхЭдшзЖшзЙ\industrial-defect-diffusion\outputs\baselines\patchcore\tile\metadata\tile_patchcore_oil_003.json
tile_patchcore_oil_004,oil,1,C:\Users\zsh\Desktop\цШВхЭдшзЖшзЙ\MVTec_AD\tile\test\oil\004.png,C:\Users\zsh\Desktop\цШВхЭдшзЖшзЙ\MVTec_AD\tile\ground_truth\oil\004_mask.png,0.8648347854614258,C:\Users\zsh\Desktop\цШВхЭдшзЖшзЙ\industrial-defect-diffusion\outputs\baselines\patchcore\tile\anomaly_maps\tile_patchcore_oil_004.png,C:\Users\zsh\Desktop\цШВхЭдшзЖшзЙ\industrial-defect-diffusion\outputs\baselines\patchcore\tile\overlays\tile_patchcore_oil_004.png,C:\Users\zsh\Desktop\цШВхЭдшзЖшзЙ\industrial-defect-diffusion\outputs\baselines\patchcore\tile\mask_previews\tile_patchcore_oil_004_mask.png,C:\Users\zsh\Desktop\цШВхЭдшзЖшзЙ\industrial-defect-diffusion\outputs\baselines\patchcore\tile\metadata\tile_patchcore_oil_004.json
tile_patchcore_oil_005,oil,1,C:\Users\zsh\Desktop\цШВхЭдшзЖшзЙ\MVTec_AD\tile\test\oil\005.png,C:\Users\zsh\Desktop\цШВхЭдшзЖшзЙ\MVTec_AD\tile\ground_truth\oil\005_mask.png,0.9229777455329895,C:\Users\zsh\Desktop\цШВхЭдшзЖшзЙ\industrial-defect-diffusion\outputs\baselines\patchcore\tile\anomaly_maps\tile_patchcore_oil_005.png,C:\Users\zsh\Desktop\цШВхЭдшзЖшзЙ\industrial-defect-diffusion\outputs\baselines\patchcore\tile\overlays\tile_patchcore_oil_005.png,C:\Users\zsh\Desktop\цШВхЭдшзЖшзЙ\industrial-defect-diffusion\outputs\baselines\patchcore\tile\mask_previews\tile_patchcore_oil_005_mask.png,C:\Users\zsh\Desktop\цШВхЭдшзЖшзЙ\industrial-defect-diffusion\outputs\baselines\patchcore\tile\metadata\tile_patchcore_oil_005.json
tile_patchcore_oil_006,oil,1,C:\Users\zsh\Desktop\цШВхЭдшзЖшзЙ\MVTec_AD\tile\test\oil\006.png,C:\Users\zsh\Desktop\цШВхЭдшзЖшзЙ\MVTec_AD\tile\ground_truth\oil\006_mask.png,0.8734781742095947,C:\Users\zsh\Desktop\цШВхЭдшзЖшзЙ\industrial-defect-diffusion\outputs\baselines\patchcore\tile\anomaly_maps\tile_patchcore_oil_006.png,C:\Users\zsh\Desktop\цШВхЭдшзЖшзЙ\industrial-defect-diffusion\outputs\baselines\patchcore\tile\overlays\tile_patchcore_oil_006.png,C:\Users\zsh\Desktop\цШВхЭдшзЖшзЙ\industrial-defect-diffusion\outputs\baselines\patchcore\tile\mask_previews\tile_patchcore_oil_006_mask.png,C:\Users\zsh\Desktop\цШВхЭдшзЖшзЙ\industrial-defect-diffusion\outputs\baselines\patchcore\tile\metadata\tile_patchcore_oil_006.json
tile_patchcore_oil_007,oil,1,C:\Users\zsh\Desktop\цШВхЭдшзЖшзЙ\MVTec_AD\tile\test\oil\007.png,C:\Users\zsh\Desktop\цШВхЭдшзЖшзЙ\MVTec_AD\tile\ground_truth\oil\007_mask.png,0.906411349773407,C:\Users\zsh\Desktop\цШВхЭдшзЖшзЙ\industrial-defect-diffusion\outputs\baselines\patchcore\tile\anomaly_maps\tile_patchcore_oil_007.png,C:\Users\zsh\Desktop\цШВхЭдшзЖшзЙ\industrial-defect-diffusion\outputs\baselines\patchcore\tile\overlays\tile_patchcore_oil_007.png,C:\Users\zsh\Desktop\цШВхЭдшзЖшзЙ\industrial-defect-diffusion\outputs\baselines\patchcore\tile\mask_previews\tile_patchcore_oil_007_mask.png,C:\Users\zsh\Desktop\цШВхЭдшзЖшзЙ\industrial-defect-diffusion\outputs\baselines\patchcore\tile\metadata\tile_patchcore_oil_007.json
tile_patchcore_oil_008,oil,1,C:\Users\zsh\Desktop\цШВхЭдшзЖшзЙ\MVTec_AD\tile\test\oil\008.png,C:\Users\zsh\Desktop\цШВхЭдшзЖшзЙ\MVTec_AD\tile\ground_truth\oil\008_mask.png,0.9228976368904114,C:\Users\zsh\Desktop\цШВхЭдшзЖшзЙ\industrial-defect-diffusion\outputs\baselines\patchcore\tile\anomaly_maps\tile_patchcore_oil_008.png,C:\Users\zsh\Desktop\цШВхЭдшзЖшзЙ\industrial-defect-diffusion\outputs\baselines\patchcore\tile\overlays\tile_patchcore_oil_008.png,C:\Users\zsh\Desktop\цШВхЭдшзЖшзЙ\industrial-defect-diffusion\outputs\baselines\patchcore\tile\mask_previews\tile_patchcore_oil_008_mask.png,C:\Users\zsh\Desktop\цШВхЭдшзЖшзЙ\industrial-defect-diffusion\outputs\baselines\patchcore\tile\metadata\tile_patchcore_oil_008.json
tile_patchcore_oil_009,oil,1,C:\Users\zsh\Desktop\цШВхЭдшзЖшзЙ\MVTec_AD\tile\test\oil\009.png,C:\Users\zsh\Desktop\цШВхЭдшзЖшзЙ\MVTec_AD\tile\ground_truth\oil\009_mask.png,0.8737512826919556,C:\Users\zsh\Desktop\цШВхЭдшзЖшзЙ\industrial-defect-diffusion\outputs\baselines\patchcore\tile\anomaly_maps\tile_patchcore_oil_009.png,C:\Users\zsh\Desktop\цШВхЭдшзЖшзЙ\industrial-defect-diffusion\outputs\baselines\patchcore\tile\overlays\tile_patchcore_oil_009.png,C:\Users\zsh\Desktop\цШВхЭдшзЖшзЙ\industrial-defect-diffusion\outputs\baselines\patchcore\tile\mask_previews\tile_patchcore_oil_009_mask.png,C:\Users\zsh\Desktop\цШВхЭдшзЖшзЙ\industrial-defect-diffusion\outputs\baselines\patchcore\tile\metadata\tile_patchcore_oil_009.json
tile_patchcore_oil_010,oil,1,C:\Users\zsh\Desktop\цШВхЭдшзЖшзЙ\MVTec_AD\tile\test\oil\010.png,C:\Users\zsh\Desktop\цШВхЭдшзЖшзЙ\MVTec_AD\tile\ground_truth\oil\010_mask.png,0.9840757250785828,C:\Users\zsh\Desktop\цШВхЭдшзЖшзЙ\industrial-defect-diffusion\outputs\baselines\patchcore\tile\anomaly_maps\tile_patchcore_oil_010.png,C:\Users\zsh\Desktop\цШВхЭдшзЖшзЙ\industrial-defect-diffusion\outputs\baselines\patchcore\tile\overlays\tile_patchcore_oil_010.png,C:\Users\zsh\Desktop\цШВхЭдшзЖшзЙ\industrial-defect-diffusion\outputs\baselines\patchcore\tile\mask_previews\tile_patchcore_oil_010_mask.png,C:\Users\zsh\Desktop\цШВхЭдшзЖшзЙ\industrial-defect-diffusion\outputs\baselines\patchcore\tile\metadata\tile_patchcore_oil_010.json
tile_patchcore_oil_011,oil,1,C:\Users\zsh\Desktop\цШВхЭдшзЖшзЙ\MVTec_AD\tile\test\oil\011.png,C:\Users\zsh\Desktop\цШВхЭдшзЖшзЙ\MVTec_AD\tile\ground_truth\oil\011_mask.png,0.9305158853530884,C:\Users\zsh\Desktop\цШВхЭдшзЖшзЙ\industrial-defect-diffusion\outputs\baselines\patchcore\tile\anomaly_maps\tile_patchcore_oil_011.png,C:\Users\zsh\Desktop\цШВхЭдшзЖшзЙ\industrial-defect-diffusion\outputs\baselines\patchcore\tile\overlays\tile_patchcore_oil_011.png,C:\Users\zsh\Desktop\цШВхЭдшзЖшзЙ\industrial-defect-diffusion\outputs\baselines\patchcore\tile\mask_previews\tile_patchcore_oil_011_mask.png,C:\Users\zsh\Desktop\цШВхЭдшзЖшзЙ\industrial-defect-diffusion\outputs\baselines\patchcore\tile\metadata\tile_patchcore_oil_011.json
tile_patchcore_oil_012,oil,1,C:\Users\zsh\Desktop\цШВхЭдшзЖшзЙ\MVTec_AD\tile\test\oil\012.png,C:\Users\zsh\Desktop\цШВхЭдшзЖшзЙ\MVTec_AD\tile\ground_truth\oil\012_mask.png,0.9245970845222473,C:\Users\zsh\Desktop\цШВхЭдшзЖшзЙ\industrial-defect-diffusion\outputs\baselines\patchcore\tile\anomaly_maps\tile_patchcore_oil_012.png,C:\Users\zsh\Desktop\цШВхЭдшзЖшзЙ\industrial-defect-diffusion\outputs\baselines\patchcore\tile\overlays\tile_patchcore_oil_012.png,C:\Users\zsh\Desktop\цШВхЭдшзЖшзЙ\industrial-defect-diffusion\outputs\baselines\patchcore\tile\mask_previews\tile_patchcore_oil_012_mask.png,C:\Users\zsh\Desktop\цШВхЭдшзЖшзЙ\industrial-defect-diffusion\outputs\baselines\patchcore\tile\metadata\tile_patchcore_oil_012.json
tile_patchcore_oil_013,oil,1,C:\Users\zsh\Desktop\цШВхЭдшзЖшзЙ\MVTec_AD\tile\test\oil\013.png,C:\Users\zsh\Desktop\цШВхЭдшзЖшзЙ\MVTec_AD\tile\ground_truth\oil\013_mask.png,0.954625129699707,C:\Users\zsh\Desktop\цШВхЭдшзЖшзЙ\industrial-defect-diffusion\outputs\baselines\patchcore\tile\anomaly_maps\tile_patchcore_oil_013.png,C:\Users\zsh\Desktop\цШВхЭдшзЖшзЙ\industrial-defect-diffusion\outputs\baselines\patchcore\tile\overlays\tile_patchcore_oil_013.png,C:\Users\zsh\Desktop\цШВхЭдшзЖшзЙ\industrial-defect-diffusion\outputs\baselines\patchcore\tile\mask_previews\tile_patchcore_oil_013_mask.png,C:\Users\zsh\Desktop\цШВхЭдшзЖшзЙ\industrial-defect-diffusion\outputs\baselines\patchcore\tile\metadata\tile_patchcore_oil_013.json
tile_patchcore_oil_014,oil,1,C:\Users\zsh\Desktop\цШВхЭдшзЖшзЙ\MVTec_AD\tile\test\oil\014.png,C:\Users\zsh\Desktop\цШВхЭдшзЖшзЙ\MVTec_AD\tile\ground_truth\oil\014_mask.png,0.8855010271072388,C:\Users\zsh\Desktop\цШВхЭдшзЖшзЙ\industrial-defect-diffusion\outputs\baselines\patchcore\tile\anomaly_maps\tile_patchcore_oil_014.png,C:\Users\zsh\Desktop\цШВхЭдшзЖшзЙ\industrial-defect-diffusion\outputs\baselines\patchcore\tile\overlays\tile_patchcore_oil_014.png,C:\Users\zsh\Desktop\цШВхЭдшзЖшзЙ\industrial-defect-diffusion\outputs\baselines\patchcore\tile\mask_previews\tile_patchcore_oil_014_mask.png,C:\Users\zsh\Desktop\цШВхЭдшзЖшзЙ\industrial-defect-diffusion\outputs\baselines\patchcore\tile\metadata\tile_patchcore_oil_014.json
tile_patchcore_oil_015,oil,1,C:\Users\zsh\Desktop\цШВхЭдшзЖшзЙ\MVTec_AD\tile\test\oil\015.png,C:\Users\zsh\Desktop\цШВхЭдшзЖшзЙ\MVTec_AD\tile\ground_truth\oil\015_mask.png,0.9171503186225891,C:\Users\zsh\Desktop\цШВхЭдшзЖшзЙ\industrial-defect-diffusion\outputs\baselines\patchcore\tile\anomaly_maps\tile_patchcore_oil_015.png,C:\Users\zsh\Desktop\цШВхЭдшзЖшзЙ\industrial-defect-diffusion\outputs\baselines\patchcore\tile\overlays\tile_patchcore_oil_015.png,C:\Users\zsh\Desktop\цШВхЭдшзЖшзЙ\industrial-defect-diffusion\outputs\baselines\patchcore\tile\mask_previews\tile_patchcore_oil_015_mask.png,C:\Users\zsh\Desktop\цШВхЭдшзЖшзЙ\industrial-defect-diffusion\outputs\baselines\patchcore\tile\metadata\tile_patchcore_oil_015.json
tile_patchcore_oil_016,oil,1,C:\Users\zsh\Desktop\цШВхЭдшзЖшзЙ\MVTec_AD\tile\test\oil\016.png,C:\Users\zsh\Desktop\цШВхЭдшзЖшзЙ\MVTec_AD\tile\ground_truth\oil\016_mask.png,0.8804125785827637,C:\Users\zsh\Desktop\цШВхЭдшзЖшзЙ\industrial-defect-diffusion\outputs\baselines\patchcore\tile\anomaly_maps\tile_patchcore_oil_016.png,C:\Users\zsh\Desktop\цШВхЭдшзЖшзЙ\industrial-defect-diffusion\outputs\baselines\patchcore\tile\overlays\tile_patchcore_oil_016.png,C:\Users\zsh\Desktop\цШВхЭдшзЖшзЙ\industrial-defect-diffusion\outputs\baselines\patchcore\tile\mask_previews\tile_patchcore_oil_016_mask.png,C:\Users\zsh\Desktop\цШВхЭдшзЖшзЙ\industrial-defect-diffusion\outputs\baselines\patchcore\tile\metadata\tile_patchcore_oil_016.json
tile_patchcore_oil_017,oil,1,C:\Users\zsh\Desktop\цШВхЭдшзЖшзЙ\MVTec_AD\tile\test\oil\017.png,C:\Users\zsh\Desktop\цШВхЭдшзЖшзЙ\MVTec_AD\tile\ground_truth\oil\017_mask.png,0.7998838424682617,C:\Users\zsh\Desktop\цШВхЭдшзЖшзЙ\industrial-defect-diffusion\outputs\baselines\patchcore\tile\anomaly_maps\tile_patchcore_oil_017.png,C:\Users\zsh\Desktop\цШВхЭдшзЖшзЙ\industrial-defect-diffusion\outputs\baselines\patchcore\tile\overlays\tile_patchcore_oil_017.png,C:\Users\zsh\Desktop\цШВхЭдшзЖшзЙ\industrial-defect-diffusion\outputs\baselines\patchcore\tile\mask_previews\tile_patchcore_oil_017_mask.png,C:\Users\zsh\Desktop\цШВхЭдшзЖшзЙ\industrial-defect-diffusion\outputs\baselines\patchcore\tile\metadata\tile_patchcore_oil_017.json
tile_patchcore_rough_000,rough,1,C:\Users\zsh\Desktop\цШВхЭдшзЖшзЙ\MVTec_AD\tile\test\rough\000.png,C:\Users\zsh\Desktop\цШВхЭдшзЖшзЙ\MVTec_AD\tile\ground_truth\rough\000_mask.png,0.8233662247657776,C:\Users\zsh\Desktop\цШВхЭдшзЖшзЙ\industrial-defect-diffusion\outputs\baselines\patchcore\tile\anomaly_maps\tile_patchcore_rough_000.png,C:\Users\zsh\Desktop\цШВхЭдшзЖшзЙ\industrial-defect-diffusion\outputs\baselines\patchcore\tile\overlays\tile_patchcore_rough_000.png,C:\Users\zsh\Desktop\цШВхЭдшзЖшзЙ\industrial-defect-diffusion\outputs\baselines\patchcore\tile\mask_previews\tile_patchcore_rough_000_mask.png,C:\Users\zsh\Desktop\цШВхЭдшзЖшзЙ\industrial-defect-diffusion\outputs\baselines\patchcore\tile\metadata\tile_patchcore_rough_000.json
tile_patchcore_rough_001,rough,1,C:\Users\zsh\Desktop\цШВхЭдшзЖшзЙ\MVTec_AD\tile\test\rough\001.png,C:\Users\zsh\Desktop\цШВхЭдшзЖшзЙ\MVTec_AD\tile\ground_truth\rough\001_mask.png,0.8788579702377319,C:\Users\zsh\Desktop\цШВхЭдшзЖшзЙ\industrial-defect-diffusion\outputs\baselines\patchcore\tile\anomaly_maps\tile_patchcore_rough_001.png,C:\Users\zsh\Desktop\цШВхЭдшзЖшзЙ\industrial-defect-diffusion\outputs\baselines\patchcore\tile\overlays\tile_patchcore_rough_001.png,C:\Users\zsh\Desktop\цШВхЭдшзЖшзЙ\industrial-defect-diffusion\outputs\baselines\patchcore\tile\mask_previews\tile_patchcore_rough_001_mask.png,C:\Users\zsh\Desktop\цШВхЭдшзЖшзЙ\industrial-defect-diffusion\outputs\baselines\patchcore\tile\metadata\tile_patchcore_rough_001.json
tile_patchcore_rough_002,rough,1,C:\Users\zsh\Desktop\цШВхЭдшзЖшзЙ\MVTec_AD\tile\test\rough\002.png,C:\Users\zsh\Desktop\цШВхЭдшзЖшзЙ\MVTec_AD\tile\ground_truth\rough\002_mask.png,0.7863366007804871,C:\Users\zsh\Desktop\цШВхЭдшзЖшзЙ\industrial-defect-diffusion\outputs\baselines\patchcore\tile\anomaly_maps\tile_patchcore_rough_002.png,C:\Users\zsh\Desktop\цШВхЭдшзЖшзЙ\industrial-defect-diffusion\outputs\baselines\patchcore\tile\overlays\tile_patchcore_rough_002.png,C:\Users\zsh\Desktop\цШВхЭдшзЖшзЙ\industrial-defect-diffusion\outputs\baselines\patchcore\tile\mask_previews\tile_patchcore_rough_002_mask.png,C:\Users\zsh\Desktop\цШВхЭдшзЖшзЙ\industrial-defect-diffusion\outputs\baselines\patchcore\tile\metadata\tile_patchcore_rough_002.json
tile_patchcore_rough_003,rough,1,C:\Users\zsh\Desktop\цШВхЭдшзЖшзЙ\MVTec_AD\tile\test\rough\003.png,C:\Users\zsh\Desktop\цШВхЭдшзЖшзЙ\MVTec_AD\tile\ground_truth\rough\003_mask.png,0.8764719367027283,C:\Users\zsh\Desktop\цШВхЭдшзЖшзЙ\industrial-defect-diffusion\outputs\baselines\patchcore\tile\anomaly_maps\tile_patchcore_rough_003.png,C:\Users\zsh\Desktop\цШВхЭдшзЖшзЙ\industrial-defect-diffusion\outputs\baselines\patchcore\tile\overlays\tile_patchcore_rough_003.png,C:\Users\zsh\Desktop\цШВхЭдшзЖшзЙ\industrial-defect-diffusion\outputs\baselines\patchcore\tile\mask_previews\tile_patchcore_rough_003_mask.png,C:\Users\zsh\Desktop\цШВхЭдшзЖшзЙ\industrial-defect-diffusion\outputs\baselines\patchcore\tile\metadata\tile_patchcore_rough_003.json
tile_patchcore_rough_004,rough,1,C:\Users\zsh\Desktop\цШВхЭдшзЖшзЙ\MVTec_AD\tile\test\rough\004.png,C:\Users\zsh\Desktop\цШВхЭдшзЖшзЙ\MVTec_AD\tile\ground_truth\rough\004_mask.png,0.7835356593132019,C:\Users\zsh\Desktop\цШВхЭдшзЖшзЙ\industrial-defect-diffusion\outputs\baselines\patchcore\tile\anomaly_maps\tile_patchcore_rough_004.png,C:\Users\zsh\Desktop\цШВхЭдшзЖшзЙ\industrial-defect-diffusion\outputs\baselines\patchcore\tile\overlays\tile_patchcore_rough_004.png,C:\Users\zsh\Desktop\цШВхЭдшзЖшзЙ\industrial-defect-diffusion\outputs\baselines\patchcore\tile\mask_previews\tile_patchcore_rough_004_mask.png,C:\Users\zsh\Desktop\цШВхЭдшзЖшзЙ\industrial-defect-diffusion\outputs\baselines\patchcore\tile\metadata\tile_patchcore_rough_004.json
tile_patchcore_rough_005,rough,1,C:\Users\zsh\Desktop\цШВхЭдшзЖшзЙ\MVTec_AD\tile\test\rough\005.png,C:\Users\zsh\Desktop\цШВхЭдшзЖшзЙ\MVTec_AD\tile\ground_truth\rough\005_mask.png,0.7465723752975464,C:\Users\zsh\Desktop\цШВхЭдшзЖшзЙ\industrial-defect-diffusion\outputs\baselines\patchcore\tile\anomaly_maps\tile_patchcore_rough_005.png,C:\Users\zsh\Desktop\цШВхЭдшзЖшзЙ\industrial-defect-diffusion\outputs\baselines\patchcore\tile\overlays\tile_patchcore_rough_005.png,C:\Users\zsh\Desktop\цШВхЭдшзЖшзЙ\industrial-defect-diffusion\outputs\baselines\patchcore\tile\mask_previews\tile_patchcore_rough_005_mask.png,C:\Users\zsh\Desktop\цШВхЭдшзЖшзЙ\industrial-defect-diffusion\outputs\baselines\patchcore\tile\metadata\tile_patchcore_rough_005.json
tile_patchcore_rough_006,rough,1,C:\Users\zsh\Desktop\цШВхЭдшзЖшзЙ\MVTec_AD\tile\test\rough\006.png,C:\Users\zsh\Desktop\цШВхЭдшзЖшзЙ\MVTec_AD\tile\ground_truth\rough\006_mask.png,0.8069621324539185,C:\Users\zsh\Desktop\цШВхЭдшзЖшзЙ\industrial-defect-diffusion\outputs\baselines\patchcore\tile\anomaly_maps\tile_patchcore_rough_006.png,C:\Users\zsh\Desktop\цШВхЭдшзЖшзЙ\industrial-defect-diffusion\outputs\baselines\patchcore\tile\overlays\tile_patchcore_rough_006.png,C:\Users\zsh\Desktop\цШВхЭдшзЖшзЙ\industrial-defect-diffusion\outputs\baselines\patchcore\tile\mask_previews\tile_patchcore_rough_006_mask.png,C:\Users\zsh\Desktop\цШВхЭдшзЖшзЙ\industrial-defect-diffusion\outputs\baselines\patchcore\tile\metadata\tile_patchcore_rough_006.json
tile_patchcore_rough_007,rough,1,C:\Users\zsh\Desktop\цШВхЭдшзЖшзЙ\MVTec_AD\tile\test\rough\007.png,C:\Users\zsh\Desktop\цШВхЭдшзЖшзЙ\MVTec_AD\tile\ground_truth\rough\007_mask.png,0.8360798358917236,C:\Users\zsh\Desktop\цШВхЭдшзЖшзЙ\industrial-defect-diffusion\outputs\baselines\patchcore\tile\anomaly_maps\tile_patchcore_rough_007.png,C:\Users\zsh\Desktop\цШВхЭдшзЖшзЙ\industrial-defect-diffusion\outputs\baselines\patchcore\tile\overlays\tile_patchcore_rough_007.png,C:\Users\zsh\Desktop\цШВхЭдшзЖшзЙ\industrial-defect-diffusion\outputs\baselines\patchcore\tile\mask_previews\tile_patchcore_rough_007_mask.png,C:\Users\zsh\Desktop\цШВхЭдшзЖшзЙ\industrial-defect-diffusion\outputs\baselines\patchcore\tile\metadata\tile_patchcore_rough_007.json
tile_patchcore_rough_008,rough,1,C:\Users\zsh\Desktop\цШВхЭдшзЖшзЙ\MVTec_AD\tile\test\rough\008.png,C:\Users\zsh\Desktop\цШВхЭдшзЖшзЙ\MVTec_AD\tile\ground_truth\rough\008_mask.png,0.9368889927864075,C:\Users\zsh\Desktop\цШВхЭдшзЖшзЙ\industrial-defect-diffusion\outputs\baselines\patchcore\tile\anomaly_maps\tile_patchcore_rough_008.png,C:\Users\zsh\Desktop\цШВхЭдшзЖшзЙ\industrial-defect-diffusion\outputs\baselines\patchcore\tile\overlays\tile_patchcore_rough_008.png,C:\Users\zsh\Desktop\цШВхЭдшзЖшзЙ\industrial-defect-diffusion\outputs\baselines\patchcore\tile\mask_previews\tile_patchcore_rough_008_mask.png,C:\Users\zsh\Desktop\цШВхЭдшзЖшзЙ\industrial-defect-diffusion\outputs\baselines\patchcore\tile\metadata\tile_patchcore_rough_008.json
tile_patchcore_rough_009,rough,1,C:\Users\zsh\Desktop\цШВхЭдшзЖшзЙ\MVTec_AD\tile\test\rough\009.png,C:\Users\zsh\Desktop\цШВхЭдшзЖшзЙ\MVTec_AD\tile\ground_truth\rough\009_mask.png,0.9000834226608276,C:\Users\zsh\Desktop\цШВхЭдшзЖшзЙ\industrial-defect-diffusion\outputs\baselines\patchcore\tile\anomaly_maps\tile_patchcore_rough_009.png,C:\Users\zsh\Desktop\цШВхЭдшзЖшзЙ\industrial-defect-diffusion\outputs\baselines\patchcore\tile\overlays\tile_patchcore_rough_009.png,C:\Users\zsh\Desktop\цШВхЭдшзЖшзЙ\industrial-defect-diffusion\outputs\baselines\patchcore\tile\mask_previews\tile_patchcore_rough_009_mask.png,C:\Users\zsh\Desktop\цШВхЭдшзЖшзЙ\industrial-defect-diffusion\outputs\baselines\patchcore\tile\metadata\tile_patchcore_rough_009.json
tile_patchcore_rough_010,rough,1,C:\Users\zsh\Desktop\цШВхЭдшзЖшзЙ\MVTec_AD\tile\test\rough\010.png,C:\Users\zsh\Desktop\цШВхЭдшзЖшзЙ\MVTec_AD\tile\ground_truth\rough\010_mask.png,0.8761394619941711,C:\Users\zsh\Desktop\цШВхЭдшзЖшзЙ\industrial-defect-diffusion\outputs\baselines\patchcore\tile\anomaly_maps\tile_patchcore_rough_010.png,C:\Users\zsh\Desktop\цШВхЭдшзЖшзЙ\industrial-defect-diffusion\outputs\baselines\patchcore\tile\overlays\tile_patchcore_rough_010.png,C:\Users\zsh\Desktop\цШВхЭдшзЖшзЙ\industrial-defect-diffusion\outputs\baselines\patchcore\tile\mask_previews\tile_patchcore_rough_010_mask.png,C:\Users\zsh\Desktop\цШВхЭдшзЖшзЙ\industrial-defect-diffusion\outputs\baselines\patchcore\tile\metadata\tile_patchcore_rough_010.json
tile_patchcore_rough_011,rough,1,C:\Users\zsh\Desktop\цШВхЭдшзЖшзЙ\MVTec_AD\tile\test\rough\011.png,C:\Users\zsh\Desktop\цШВхЭдшзЖшзЙ\MVTec_AD\tile\ground_truth\rough\011_mask.png,0.8556485176086426,C:\Users\zsh\Desktop\цШВхЭдшзЖшзЙ\industrial-defect-diffusion\outputs\baselines\patchcore\tile\anomaly_maps\tile_patchcore_rough_011.png,C:\Users\zsh\Desktop\цШВхЭдшзЖшзЙ\industrial-defect-diffusion\outputs\baselines\patchcore\tile\overlays\tile_patchcore_rough_011.png,C:\Users\zsh\Desktop\цШВхЭдшзЖшзЙ\industrial-defect-diffusion\outputs\baselines\patchcore\tile\mask_previews\tile_patchcore_rough_011_mask.png,C:\Users\zsh\Desktop\цШВхЭдшзЖшзЙ\industrial-defect-diffusion\outputs\baselines\patchcore\tile\metadata\tile_patchcore_rough_011.json
tile_patchcore_rough_012,rough,1,C:\Users\zsh\Desktop\цШВхЭдшзЖшзЙ\MVTec_AD\tile\test\rough\012.png,C:\Users\zsh\Desktop\цШВхЭдшзЖшзЙ\MVTec_AD\tile\ground_truth\rough\012_mask.png,0.8691849708557129,C:\Users\zsh\Desktop\цШВхЭдшзЖшзЙ\industrial-defect-diffusion\outputs\baselines\patchcore\tile\anomaly_maps\tile_patchcore_rough_012.png,C:\Users\zsh\Desktop\цШВхЭдшзЖшзЙ\industrial-defect-diffusion\outputs\baselines\patchcore\tile\overlays\tile_patchcore_rough_012.png,C:\Users\zsh\Desktop\цШВхЭдшзЖшзЙ\industrial-defect-diffusion\outputs\baselines\patchcore\tile\mask_previews\tile_patchcore_rough_012_mask.png,C:\Users\zsh\Desktop\цШВхЭдшзЖшзЙ\industrial-defect-diffusion\outputs\baselines\patchcore\tile\metadata\tile_patchcore_rough_012.json
tile_patchcore_rough_013,rough,1,C:\Users\zsh\Desktop\цШВхЭдшзЖшзЙ\MVTec_AD\tile\test\rough\013.png,C:\Users\zsh\Desktop\цШВхЭдшзЖшзЙ\MVTec_AD\tile\ground_truth\rough\013_mask.png,0.91494220495224,C:\Users\zsh\Desktop\цШВхЭдшзЖшзЙ\industrial-defect-diffusion\outputs\baselines\patchcore\tile\anomaly_maps\tile_patchcore_rough_013.png,C:\Users\zsh\Desktop\цШВхЭдшзЖшзЙ\industrial-defect-diffusion\outputs\baselines\patchcore\tile\overlays\tile_patchcore_rough_013.png,C:\Users\zsh\Desktop\цШВхЭдшзЖшзЙ\industrial-defect-diffusion\outputs\baselines\patchcore\tile\mask_previews\tile_patchcore_rough_013_mask.png,C:\Users\zsh\Desktop\цШВхЭдшзЖшзЙ\industrial-defect-diffusion\outputs\baselines\patchcore\tile\metadata\tile_patchcore_rough_013.json
tile_patchcore_rough_014,rough,1,C:\Users\zsh\Desktop\цШВхЭдшзЖшзЙ\MVTec_AD\tile\test\rough\014.png,C:\Users\zsh\Desktop\цШВхЭдшзЖшзЙ\MVTec_AD\tile\ground_truth\rough\014_mask.png,0.8383524417877197,C:\Users\zsh\Desktop\цШВхЭдшзЖшзЙ\industrial-defect-diffusion\outputs\baselines\patchcore\tile\anomaly_maps\tile_patchcore_rough_014.png,C:\Users\zsh\Desktop\цШВхЭдшзЖшзЙ\industrial-defect-diffusion\outputs\baselines\patchcore\tile\overlays\tile_patchcore_rough_014.png,C:\Users\zsh\Desktop\цШВхЭдшзЖшзЙ\industrial-defect-diffusion\outputs\baselines\patchcore\tile\mask_previews\tile_patchcore_rough_014_mask.png,C:\Users\zsh\Desktop\цШВхЭдшзЖшзЙ\industrial-defect-diffusion\outputs\baselines\patchcore\tile\metadata\tile_patchcore_rough_014.json
