sample_name,defect_type,source_image,output_image,output_mask,metadata,mask_pixels,mask_area_ratio,synthetic_source,accepted,reject_reasons,inside_mean_abs_diff,outside_mean_abs_diff,outside_p95_abs_diff,source_mask,traditional_image,conditioning_image,seed,model_id,variant,prompt
wood_trad_scratch_000,scratch,C:\Users\zsh\Desktop\цШВхЭдшзЖшзЙ\MVTec_AD\wood\train\good\228.png,C:\Users\zsh\Desktop\цШВхЭдшзЖшзЙ\industrial-defect-diffusion\outputs\stage9_wood_scratch_fix\traditional\wood\images\wood_trad_scratch_000.png,C:\Users\zsh\Desktop\цШВхЭдшзЖшзЙ\industrial-defect-diffusion\outputs\stage9_wood_scratch_fix\traditional\wood\masks\wood_trad_scratch_000_mask.png,C:\Users\zsh\Desktop\цШВхЭдшзЖшзЙ\industrial-defect-diffusion\outputs\stage9_wood_scratch_fix\traditional\wood\metadata\wood_trad_scratch_000.json,53247,0.050780296325683594,traditional,1,,5.194821357727051,0.03877512365579605,0.0,,,,,,,
wood_trad_scratch_001,scratch,C:\Users\zsh\Desktop\цШВхЭдшзЖшзЙ\MVTec_AD\wood\train\good\218.png,C:\Users\zsh\Desktop\цШВхЭдшзЖшзЙ\industrial-defect-diffusion\outputs\stage9_wood_scratch_fix\traditional\wood\images\wood_trad_scratch_001.png,C:\Users\zsh\Desktop\цШВхЭдшзЖшзЙ\industrial-defect-diffusion\outputs\stage9_wood_scratch_fix\traditional\wood\masks\wood_trad_scratch_001_mask.png,C:\Users\zsh\Desktop\цШВхЭдшзЖшзЙ\industrial-defect-diffusion\outputs\stage9_wood_scratch_fix\traditional\wood\metadata\wood_trad_scratch_001.json,17280,0.0164794921875,traditional,1,,18.488523483276367,0.020332343876361847,0.0,,,,,,,
wood_trad_scratch_002,scratch,C:\Users\zsh\Desktop\цШВхЭдшзЖшзЙ\MVTec_AD\wood\train\good\055.png,C:\Users\zsh\Desktop\цШВхЭдшзЖшзЙ\industrial-defect-diffusion\outputs\stage9_wood_scratch_fix\traditional\wood\images\wood_trad_scratch_002.png,C:\Users\zsh\Desktop\цШВхЭдшзЖшзЙ\industrial-defect-diffusion\outputs\stage9_wood_scratch_fix\traditional\wood\masks\wood_trad_scratch_002_mask.png,C:\Users\zsh\Desktop\цШВхЭдшзЖшзЙ\industrial-defect-diffusion\outputs\stage9_wood_scratch_fix\traditional\wood\metadata\wood_trad_scratch_002.json,32113,0.030625343322753906,traditional,1,,5.343307971954346,0.07256830483675003,1.0,,,,,,,
wood_trad_scratch_003,scratch,C:\Users\zsh\Desktop\цШВхЭдшзЖшзЙ\MVTec_AD\wood\train\good\233.png,C:\Users\zsh\Desktop\цШВхЭдшзЖшзЙ\industrial-defect-diffusion\outputs\stage9_wood_scratch_fix\traditional\wood\images\wood_trad_scratch_003.png,C:\Users\zsh\Desktop\цШВхЭдшзЖшзЙ\industrial-defect-diffusion\outputs\stage9_wood_scratch_fix\traditional\wood\masks\wood_trad_scratch_003_mask.png,C:\Users\zsh\Desktop\цШВхЭдшзЖшзЙ\industrial-defect-diffusion\outputs\stage9_wood_scratch_fix\traditional\wood\metadata\wood_trad_scratch_003.json,61874,0.05900764465332031,traditional,1,,6.562546253204346,0.10192742943763733,1.0,,,,,,,
wood_trad_scratch_004,scratch,C:\Users\zsh\Desktop\цШВхЭдшзЖшзЙ\MVTec_AD\wood\train\good\057.png,C:\Users\zsh\Desktop\цШВхЭдшзЖшзЙ\industrial-defect-diffusion\outputs\stage9_wood_scratch_fix\traditional\wood\images\wood_trad_scratch_004.png,C:\Users\zsh\Desktop\цШВхЭдшзЖшзЙ\industrial-defect-diffusion\outputs\stage9_wood_scratch_fix\traditional\wood\masks\wood_trad_scratch_004_mask.png,C:\Users\zsh\Desktop\цШВхЭдшзЖшзЙ\industrial-defect-diffusion\outputs\stage9_wood_scratch_fix\traditional\wood\metadata\wood_trad_scratch_004.json,47664,0.0454559326171875,traditional,1,,11.47514533996582,0.09906032681465149,1.0,,,,,,,
wood_trad_scratch_005,scratch,C:\Users\zsh\Desktop\цШВхЭдшзЖшзЙ\MVTec_AD\wood\train\good\023.png,C:\Users\zsh\Desktop\цШВхЭдшзЖшзЙ\industrial-defect-diffusion\outputs\stage9_wood_scratch_fix\traditional\wood\images\wood_trad_scratch_005.png,C:\Users\zsh\Desktop\цШВхЭдшзЖшзЙ\industrial-defect-diffusion\outputs\stage9_wood_scratch_fix\traditional\wood\masks\wood_trad_scratch_005_mask.png,C:\Users\zsh\Desktop\цШВхЭдшзЖшзЙ\industrial-defect-diffusion\outputs\stage9_wood_scratch_fix\traditional\wood\metadata\wood_trad_scratch_005.json,52561,0.050126075744628906,traditional,1,,21.23444366455078,0.1649858057498932,0.0,,,,,,,
wood_trad_scratch_006,scratch,C:\Users\zsh\Desktop\цШВхЭдшзЖшзЙ\MVTec_AD\wood\train\good\183.png,C:\Users\zsh\Desktop\цШВхЭдшзЖшзЙ\industrial-defect-diffusion\outputs\stage9_wood_scratch_fix\traditional\wood\images\wood_trad_scratch_006.png,C:\Users\zsh\Desktop\цШВхЭдшзЖшзЙ\industrial-defect-diffusion\outputs\stage9_wood_scratch_fix\traditional\wood\masks\wood_trad_scratch_006_mask.png,C:\Users\zsh\Desktop\цШВхЭдшзЖшзЙ\industrial-defect-diffusion\outputs\stage9_wood_scratch_fix\traditional\wood\metadata\wood_trad_scratch_006.json,74117,0.07068347930908203,traditional,1,,7.82902717590332,0.17579904198646545,1.0,,,,,,,
wood_trad_scratch_007,scratch,C:\Users\zsh\Desktop\цШВхЭдшзЖшзЙ\MVTec_AD\wood\train\good\220.png,C:\Users\zsh\Desktop\цШВхЭдшзЖшзЙ\industrial-defect-diffusion\outputs\stage9_wood_scratch_fix\traditional\wood\images\wood_trad_scratch_007.png,C:\Users\zsh\Desktop\цШВхЭдшзЖшзЙ\industrial-defect-diffusion\outputs\stage9_wood_scratch_fix\traditional\wood\masks\wood_trad_scratch_007_mask.png,C:\Users\zsh\Desktop\цШВхЭдшзЖшзЙ\industrial-defect-diffusion\outputs\stage9_wood_scratch_fix\traditional\wood\metadata\wood_trad_scratch_007.json,33918,0.03234672546386719,traditional,1,,6.898038387298584,0.025992007926106453,0.0,,,,,,,
wood_trad_scratch_008,scratch,C:\Users\zsh\Desktop\цШВхЭдшзЖшзЙ\MVTec_AD\wood\train\good\238.png,C:\Users\zsh\Desktop\цШВхЭдшзЖшзЙ\industrial-defect-diffusion\outputs\stage9_wood_scratch_fix\traditional\wood\images\wood_trad_scratch_008.png,C:\Users\zsh\Desktop\цШВхЭдшзЖшзЙ\industrial-defect-diffusion\outputs\stage9_wood_scratch_fix\traditional\wood\masks\wood_trad_scratch_008_mask.png,C:\Users\zsh\Desktop\цШВхЭдшзЖшзЙ\industrial-defect-diffusion\outputs\stage9_wood_scratch_fix\traditional\wood\metadata\wood_trad_scratch_008.json,25102,0.023939132690429688,traditional,1,,9.460348129272461,0.01718851737678051,0.0,,,,,,,
wood_trad_scratch_009,scratch,C:\Users\zsh\Desktop\цШВхЭдшзЖшзЙ\MVTec_AD\wood\train\good\178.png,C:\Users\zsh\Desktop\цШВхЭдшзЖшзЙ\industrial-defect-diffusion\outputs\stage9_wood_scratch_fix\traditional\wood\images\wood_trad_scratch_009.png,C:\Users\zsh\Desktop\цШВхЭдшзЖшзЙ\industrial-defect-diffusion\outputs\stage9_wood_scratch_fix\traditional\wood\masks\wood_trad_scratch_009_mask.png,C:\Users\zsh\Desktop\цШВхЭдшзЖшзЙ\industrial-defect-diffusion\outputs\stage9_wood_scratch_fix\traditional\wood\metadata\wood_trad_scratch_009.json,30256,0.0288543701171875,traditional,1,,6.283613204956055,0.06475371867418289,0.0,,,,,,,
wood_trad_scratch_010,scratch,C:\Users\zsh\Desktop\цШВхЭдшзЖшзЙ\MVTec_AD\wood\train\good\084.png,C:\Users\zsh\Desktop\цШВхЭдшзЖшзЙ\industrial-defect-diffusion\outputs\stage9_wood_scratch_fix\traditional\wood\images\wood_trad_scratch_010.png,C:\Users\zsh\Desktop\цШВхЭдшзЖшзЙ\industrial-defect-diffusion\outputs\stage9_wood_scratch_fix\traditional\wood\masks\wood_trad_scratch_010_mask.png,C:\Users\zsh\Desktop\цШВхЭдшзЖшзЙ\industrial-defect-diffusion\outputs\stage9_wood_scratch_fix\traditional\wood\metadata\wood_trad_scratch_010.json,28241,0.026932716369628906,traditional,1,,13.00954818725586,0.01649458333849907,0.0,,,,,,,
wood_trad_scratch_011,scratch,C:\Users\zsh\Desktop\цШВхЭдшзЖшзЙ\MVTec_AD\wood\train\good\041.png,C:\Users\zsh\Desktop\цШВхЭдшзЖшзЙ\industrial-defect-diffusion\outputs\stage9_wood_scratch_fix\traditional\wood\images\wood_trad_scratch_011.png,C:\Users\zsh\Desktop\цШВхЭдшзЖшзЙ\industrial-defect-diffusion\outputs\stage9_wood_scratch_fix\traditional\wood\masks\wood_trad_scratch_011_mask.png,C:\Users\zsh\Desktop\цШВхЭдшзЖшзЙ\industrial-defect-diffusion\outputs\stage9_wood_scratch_fix\traditional\wood\metadata\wood_trad_scratch_011.json,113351,0.10809993743896484,traditional,0,defect_change_too_weak,3.5905227661132812,0.18294808268547058,1.0,,,,,,,
wood_trad_scratch_012,scratch,C:\Users\zsh\Desktop\цШВхЭдшзЖшзЙ\MVTec_AD\wood\train\good\110.png,C:\Users\zsh\Desktop\цШВхЭдшзЖшзЙ\industrial-defect-diffusion\outputs\stage9_wood_scratch_fix\traditional\wood\images\wood_trad_scratch_012.png,C:\Users\zsh\Desktop\цШВхЭдшзЖшзЙ\industrial-defect-diffusion\outputs\stage9_wood_scratch_fix\traditional\wood\masks\wood_trad_scratch_012_mask.png,C:\Users\zsh\Desktop\цШВхЭдшзЖшзЙ\industrial-defect-diffusion\outputs\stage9_wood_scratch_fix\traditional\wood\metadata\wood_trad_scratch_012.json,35690,0.03403663635253906,traditional,1,,7.912944793701172,0.03459026664495468,0.0,,,,,,,
wood_trad_scratch_013,scratch,C:\Users\zsh\Desktop\цШВхЭдшзЖшзЙ\MVTec_AD\wood\train\good\131.png,C:\Users\zsh\Desktop\цШВхЭдшзЖшзЙ\industrial-defect-diffusion\outputs\stage9_wood_scratch_fix\traditional\wood\images\wood_trad_scratch_013.png,C:\Users\zsh\Desktop\цШВхЭдшзЖшзЙ\industrial-defect-diffusion\outputs\stage9_wood_scratch_fix\traditional\wood\masks\wood_trad_scratch_013_mask.png,C:\Users\zsh\Desktop\цШВхЭдшзЖшзЙ\industrial-defect-diffusion\outputs\stage9_wood_scratch_fix\traditional\wood\metadata\wood_trad_scratch_013.json,18659,0.01779460906982422,traditional,1,,6.593047142028809,0.06500070542097092,0.0,,,,,,,
wood_trad_scratch_014,scratch,C:\Users\zsh\Desktop\цШВхЭдшзЖшзЙ\MVTec_AD\wood\train\good\118.png,C:\Users\zsh\Desktop\цШВхЭдшзЖшзЙ\industrial-defect-diffusion\outputs\stage9_wood_scratch_fix\traditional\wood\images\wood_trad_scratch_014.png,C:\Users\zsh\Desktop\цШВхЭдшзЖшзЙ\industrial-defect-diffusion\outputs\stage9_wood_scratch_fix\traditional\wood\masks\wood_trad_scratch_014_mask.png,C:\Users\zsh\Desktop\цШВхЭдшзЖшзЙ\industrial-defect-diffusion\outputs\stage9_wood_scratch_fix\traditional\wood\metadata\wood_trad_scratch_014.json,156859,0.14959239959716797,traditional,1,,5.757950782775879,0.026367848739027977,0.0,,,,,,,
wood_trad_scratch_015,scratch,C:\Users\zsh\Desktop\цШВхЭдшзЖшзЙ\MVTec_AD\wood\train\good\022.png,C:\Users\zsh\Desktop\цШВхЭдшзЖшзЙ\industrial-defect-diffusion\outputs\stage9_wood_scratch_fix\traditional\wood\images\wood_trad_scratch_015.png,C:\Users\zsh\Desktop\цШВхЭдшзЖшзЙ\industrial-defect-diffusion\outputs\stage9_wood_scratch_fix\traditional\wood\masks\wood_trad_scratch_015_mask.png,C:\Users\zsh\Desktop\цШВхЭдшзЖшзЙ\industrial-defect-diffusion\outputs\stage9_wood_scratch_fix\traditional\wood\metadata\wood_trad_scratch_015.json,24098,0.022981643676757812,traditional,1,,5.213018894195557,0.04099811613559723,0.0,,,,,,,
wood_trad_scratch_016,scratch,C:\Users\zsh\Desktop\цШВхЭдшзЖшзЙ\MVTec_AD\wood\train\good\104.png,C:\Users\zsh\Desktop\цШВхЭдшзЖшзЙ\industrial-defect-diffusion\outputs\stage9_wood_scratch_fix\traditional\wood\images\wood_trad_scratch_016.png,C:\Users\zsh\Desktop\цШВхЭдшзЖшзЙ\industrial-defect-diffusion\outputs\stage9_wood_scratch_fix\traditional\wood\masks\wood_trad_scratch_016_mask.png,C:\Users\zsh\Desktop\цШВхЭдшзЖшзЙ\industrial-defect-diffusion\outputs\stage9_wood_scratch_fix\traditional\wood\metadata\wood_trad_scratch_016.json,35972,0.034305572509765625,traditional,1,,15.578383445739746,0.049497801810503006,0.0,,,,,,,
wood_trad_scratch_017,scratch,C:\Users\zsh\Desktop\цШВхЭдшзЖшзЙ\MVTec_AD\wood\train\good\126.png,C:\Users\zsh\Desktop\цШВхЭдшзЖшзЙ\industrial-defect-diffusion\outputs\stage9_wood_scratch_fix\traditional\wood\images\wood_trad_scratch_017.png,C:\Users\zsh\Desktop\цШВхЭдшзЖшзЙ\industrial-defect-diffusion\outputs\stage9_wood_scratch_fix\traditional\wood\masks\wood_trad_scratch_017_mask.png,C:\Users\zsh\Desktop\цШВхЭдшзЖшзЙ\industrial-defect-diffusion\outputs\stage9_wood_scratch_fix\traditional\wood\metadata\wood_trad_scratch_017.json,55531,0.05295848846435547,traditional,1,,17.75957489013672,0.114044189453125,1.0,,,,,,,
wood_trad_scratch_018,scratch,C:\Users\zsh\Desktop\цШВхЭдшзЖшзЙ\MVTec_AD\wood\train\good\133.png,C:\Users\zsh\Desktop\цШВхЭдшзЖшзЙ\industrial-defect-diffusion\outputs\stage9_wood_scratch_fix\traditional\wood\images\wood_trad_scratch_018.png,C:\Users\zsh\Desktop\цШВхЭдшзЖшзЙ\industrial-defect-diffusion\outputs\stage9_wood_scratch_fix\traditional\wood\masks\wood_trad_scratch_018_mask.png,C:\Users\zsh\Desktop\цШВхЭдшзЖшзЙ\industrial-defect-diffusion\outputs\stage9_wood_scratch_fix\traditional\wood\metadata\wood_trad_scratch_018.json,18441,0.017586708068847656,traditional,1,,8.656706809997559,0.008877800777554512,0.0,,,,,,,
wood_trad_scratch_019,scratch,C:\Users\zsh\Desktop\цШВхЭдшзЖшзЙ\MVTec_AD\wood\train\good\021.png,C:\Users\zsh\Desktop\цШВхЭдшзЖшзЙ\industrial-defect-diffusion\outputs\stage9_wood_scratch_fix\traditional\wood\images\wood_trad_scratch_019.png,C:\Users\zsh\Desktop\цШВхЭдшзЖшзЙ\industrial-defect-diffusion\outputs\stage9_wood_scratch_fix\traditional\wood\masks\wood_trad_scratch_019_mask.png,C:\Users\zsh\Desktop\цШВхЭдшзЖшзЙ\industrial-defect-diffusion\outputs\stage9_wood_scratch_fix\traditional\wood\metadata\wood_trad_scratch_019.json,48677,0.04642200469970703,traditional,1,,24.685970306396484,0.21757501363754272,0.0,,,,,,,
wood_diff_scratch_000,scratch,C:\Users\zsh\Desktop\цШВхЭдшзЖшзЙ\MVTec_AD\wood\train\good\228.png,C:\Users\zsh\Desktop\цШВхЭдшзЖшзЙ\industrial-defect-diffusion\outputs\stage9_wood_scratch_fix\diffusion\wood\images\wood_diff_scratch_000.png,C:\Users\zsh\Desktop\цШВхЭдшзЖшзЙ\industrial-defect-diffusion\outputs\stage9_wood_scratch_fix\diffusion\wood\masks\wood_diff_scratch_000_mask.png,C:\Users\zsh\Desktop\цШВхЭдшзЖшзЙ\industrial-defect-diffusion\outputs\stage9_wood_scratch_fix\diffusion\wood\metadata\wood_diff_scratch_000.json,,0.050780296325683594,diffusion,1,,8.582930564880371,6.89183235168457,16.0,C:\Users\zsh\Desktop\цШВхЭдшзЖшзЙ\industrial-defect-diffusion\outputs\stage9_wood_scratch_fix\traditional\wood\masks\wood_trad_scratch_000_mask.png,C:\Users\zsh\Desktop\цШВхЭдшзЖшзЙ\industrial-defect-diffusion\outputs\stage9_wood_scratch_fix\traditional\wood\images\wood_trad_scratch_000.png,traditional,404,stable-diffusion-v1-5/stable-diffusion-inpainting,fp16,"realistic long bright scratch marks and large shallow abrasion on industrial wood surface, follows natural wood grain texture, inspection image, visible wide scratched defect"
wood_diff_scratch_001,scratch,C:\Users\zsh\Desktop\цШВхЭдшзЖшзЙ\MVTec_AD\wood\train\good\218.png,C:\Users\zsh\Desktop\цШВхЭдшзЖшзЙ\industrial-defect-diffusion\outputs\stage9_wood_scratch_fix\diffusion\wood\images\wood_diff_scratch_001.png,C:\Users\zsh\Desktop\цШВхЭдшзЖшзЙ\industrial-defect-diffusion\outputs\stage9_wood_scratch_fix\diffusion\wood\masks\wood_diff_scratch_001_mask.png,C:\Users\zsh\Desktop\цШВхЭдшзЖшзЙ\industrial-defect-diffusion\outputs\stage9_wood_scratch_fix\diffusion\wood\metadata\wood_diff_scratch_001.json,,0.0164794921875,diffusion,1,,8.42025375366211,6.587218761444092,15.666666984558105,C:\Users\zsh\Desktop\цШВхЭдшзЖшзЙ\industrial-defect-diffusion\outputs\stage9_wood_scratch_fix\traditional\wood\masks\wood_trad_scratch_001_mask.png,C:\Users\zsh\Desktop\цШВхЭдшзЖшзЙ\industrial-defect-diffusion\outputs\stage9_wood_scratch_fix\traditional\wood\images\wood_trad_scratch_001.png,traditional,405,stable-diffusion-v1-5/stable-diffusion-inpainting,fp16,"realistic long bright scratch marks and large shallow abrasion on industrial wood surface, follows natural wood grain texture, inspection image, visible wide scratched defect"
wood_diff_scratch_002,scratch,C:\Users\zsh\Desktop\цШВхЭдшзЖшзЙ\MVTec_AD\wood\train\good\055.png,C:\Users\zsh\Desktop\цШВхЭдшзЖшзЙ\industrial-defect-diffusion\outputs\stage9_wood_scratch_fix\diffusion\wood\images\wood_diff_scratch_002.png,C:\Users\zsh\Desktop\цШВхЭдшзЖшзЙ\industrial-defect-diffusion\outputs\stage9_wood_scratch_fix\diffusion\wood\masks\wood_diff_scratch_002_mask.png,C:\Users\zsh\Desktop\цШВхЭдшзЖшзЙ\industrial-defect-diffusion\outputs\stage9_wood_scratch_fix\diffusion\wood\metadata\wood_diff_scratch_002.json,,0.030625343322753906,diffusion,1,,8.936100959777832,7.3188276290893555,17.0,C:\Users\zsh\Desktop\цШВхЭдшзЖшзЙ\industrial-defect-diffusion\outputs\stage9_wood_scratch_fix\traditional\wood\masks\wood_trad_scratch_002_mask.png,C:\Users\zsh\Desktop\цШВхЭдшзЖшзЙ\industrial-defect-diffusion\outputs\stage9_wood_scratch_fix\traditional\wood\images\wood_trad_scratch_002.png,traditional,406,stable-diffusion-v1-5/stable-diffusion-inpainting,fp16,"realistic long bright scratch marks and large shallow abrasion on industrial wood surface, follows natural wood grain texture, inspection image, visible wide scratched defect"
wood_diff_scratch_003,scratch,C:\Users\zsh\Desktop\цШВхЭдшзЖшзЙ\MVTec_AD\wood\train\good\233.png,C:\Users\zsh\Desktop\цШВхЭдшзЖшзЙ\industrial-defect-diffusion\outputs\stage9_wood_scratch_fix\diffusion\wood\images\wood_diff_scratch_003.png,C:\Users\zsh\Desktop\цШВхЭдшзЖшзЙ\industrial-defect-diffusion\outputs\stage9_wood_scratch_fix\diffusion\wood\masks\wood_diff_scratch_003_mask.png,C:\Users\zsh\Desktop\цШВхЭдшзЖшзЙ\industrial-defect-diffusion\outputs\stage9_wood_scratch_fix\diffusion\wood\metadata\wood_diff_scratch_003.json,,0.05900764465332031,diffusion,1,,10.724515914916992,7.421862602233887,17.66666603088379,C:\Users\zsh\Desktop\цШВхЭдшзЖшзЙ\industrial-defect-diffusion\outputs\stage9_wood_scratch_fix\traditional\wood\masks\wood_trad_scratch_003_mask.png,C:\Users\zsh\Desktop\цШВхЭдшзЖшзЙ\industrial-defect-diffusion\outputs\stage9_wood_scratch_fix\traditional\wood\images\wood_trad_scratch_003.png,traditional,407,stable-diffusion-v1-5/stable-diffusion-inpainting,fp16,"realistic long bright scratch marks and large shallow abrasion on industrial wood surface, follows natural wood grain texture, inspection image, visible wide scratched defect"
wood_diff_scratch_004,scratch,C:\Users\zsh\Desktop\цШВхЭдшзЖшзЙ\MVTec_AD\wood\train\good\057.png,C:\Users\zsh\Desktop\цШВхЭдшзЖшзЙ\industrial-defect-diffusion\outputs\stage9_wood_scratch_fix\diffusion\wood\images\wood_diff_scratch_004.png,C:\Users\zsh\Desktop\цШВхЭдшзЖшзЙ\industrial-defect-diffusion\outputs\stage9_wood_scratch_fix\diffusion\wood\masks\wood_diff_scratch_004_mask.png,C:\Users\zsh\Desktop\цШВхЭдшзЖшзЙ\industrial-defect-diffusion\outputs\stage9_wood_scratch_fix\diffusion\wood\metadata\wood_diff_scratch_004.json,,0.0454559326171875,diffusion,1,,9.565646171569824,7.069502830505371,16.33333396911621,C:\Users\zsh\Desktop\цШВхЭдшзЖшзЙ\industrial-defect-diffusion\outputs\stage9_wood_scratch_fix\traditional\wood\masks\wood_trad_scratch_004_mask.png,C:\Users\zsh\Desktop\цШВхЭдшзЖшзЙ\industrial-defect-diffusion\outputs\stage9_wood_scratch_fix\traditional\wood\images\wood_trad_scratch_004.png,traditional,408,stable-diffusion-v1-5/stable-diffusion-inpainting,fp16,"realistic long bright scratch marks and large shallow abrasion on industrial wood surface, follows natural wood grain texture, inspection image, visible wide scratched defect"
wood_diff_scratch_005,scratch,C:\Users\zsh\Desktop\цШВхЭдшзЖшзЙ\MVTec_AD\wood\train\good\023.png,C:\Users\zsh\Desktop\цШВхЭдшзЖшзЙ\industrial-defect-diffusion\outputs\stage9_wood_scratch_fix\diffusion\wood\images\wood_diff_scratch_005.png,C:\Users\zsh\Desktop\цШВхЭдшзЖшзЙ\industrial-defect-diffusion\outputs\stage9_wood_scratch_fix\diffusion\wood\masks\wood_diff_scratch_005_mask.png,C:\Users\zsh\Desktop\цШВхЭдшзЖшзЙ\industrial-defect-diffusion\outputs\stage9_wood_scratch_fix\diffusion\wood\metadata\wood_diff_scratch_005.json,,0.050126075744628906,diffusion,1,,9.067826271057129,6.711015701293945,16.0,C:\Users\zsh\Desktop\цШВхЭдшзЖшзЙ\industrial-defect-diffusion\outputs\stage9_wood_scratch_fix\traditional\wood\masks\wood_trad_scratch_005_mask.png,C:\Users\zsh\Desktop\цШВхЭдшзЖшзЙ\industrial-defect-diffusion\outputs\stage9_wood_scratch_fix\traditional\wood\images\wood_trad_scratch_005.png,traditional,409,stable-diffusion-v1-5/stable-diffusion-inpainting,fp16,"realistic long bright scratch marks and large shallow abrasion on industrial wood surface, follows natural wood grain texture, inspection image, visible wide scratched defect"
wood_diff_scratch_006,scratch,C:\Users\zsh\Desktop\цШВхЭдшзЖшзЙ\MVTec_AD\wood\train\good\183.png,C:\Users\zsh\Desktop\цШВхЭдшзЖшзЙ\industrial-defect-diffusion\outputs\stage9_wood_scratch_fix\diffusion\wood\images\wood_diff_scratch_006.png,C:\Users\zsh\Desktop\цШВхЭдшзЖшзЙ\industrial-defect-diffusion\outputs\stage9_wood_scratch_fix\diffusion\wood\masks\wood_diff_scratch_006_mask.png,C:\Users\zsh\Desktop\цШВхЭдшзЖшзЙ\industrial-defect-diffusion\outputs\stage9_wood_scratch_fix\diffusion\wood\metadata\wood_diff_scratch_006.json,,0.07068347930908203,diffusion,1,,8.189888954162598,6.339796543121338,15.0,C:\Users\zsh\Desktop\цШВхЭдшзЖшзЙ\industrial-defect-diffusion\outputs\stage9_wood_scratch_fix\traditional\wood\masks\wood_trad_scratch_006_mask.png,C:\Users\zsh\Desktop\цШВхЭдшзЖшзЙ\industrial-defect-diffusion\outputs\stage9_wood_scratch_fix\traditional\wood\images\wood_trad_scratch_006.png,traditional,410,stable-diffusion-v1-5/stable-diffusion-inpainting,fp16,"realistic long bright scratch marks and large shallow abrasion on industrial wood surface, follows natural wood grain texture, inspection image, visible wide scratched defect"
wood_diff_scratch_007,scratch,C:\Users\zsh\Desktop\цШВхЭдшзЖшзЙ\MVTec_AD\wood\train\good\220.png,C:\Users\zsh\Desktop\цШВхЭдшзЖшзЙ\industrial-defect-diffusion\outputs\stage9_wood_scratch_fix\diffusion\wood\images\wood_diff_scratch_007.png,C:\Users\zsh\Desktop\цШВхЭдшзЖшзЙ\industrial-defect-diffusion\outputs\stage9_wood_scratch_fix\diffusion\wood\masks\wood_diff_scratch_007_mask.png,C:\Users\zsh\Desktop\цШВхЭдшзЖшзЙ\industrial-defect-diffusion\outputs\stage9_wood_scratch_fix\diffusion\wood\metadata\wood_diff_scratch_007.json,,0.03234672546386719,diffusion,1,,8.34995174407959,6.838613033294678,16.0,C:\Users\zsh\Desktop\цШВхЭдшзЖшзЙ\industrial-defect-diffusion\outputs\stage9_wood_scratch_fix\traditional\wood\masks\wood_trad_scratch_007_mask.png,C:\Users\zsh\Desktop\цШВхЭдшзЖшзЙ\industrial-defect-diffusion\outputs\stage9_wood_scratch_fix\traditional\wood\images\wood_trad_scratch_007.png,traditional,411,stable-diffusion-v1-5/stable-diffusion-inpainting,fp16,"realistic long bright scratch marks and large shallow abrasion on industrial wood surface, follows natural wood grain texture, inspection image, visible wide scratched defect"
wood_diff_scratch_008,scratch,C:\Users\zsh\Desktop\цШВхЭдшзЖшзЙ\MVTec_AD\wood\train\good\238.png,C:\Users\zsh\Desktop\цШВхЭдшзЖшзЙ\industrial-defect-diffusion\outputs\stage9_wood_scratch_fix\diffusion\wood\images\wood_diff_scratch_008.png,C:\Users\zsh\Desktop\цШВхЭдшзЖшзЙ\industrial-defect-diffusion\outputs\stage9_wood_scratch_fix\diffusion\wood\masks\wood_diff_scratch_008_mask.png,C:\Users\zsh\Desktop\цШВхЭдшзЖшзЙ\industrial-defect-diffusion\outputs\stage9_wood_scratch_fix\diffusion\wood\metadata\wood_diff_scratch_008.json,,0.023939132690429688,diffusion,1,,8.261399269104004,6.595583438873291,15.333333015441895,C:\Users\zsh\Desktop\цШВхЭдшзЖшзЙ\industrial-defect-diffusion\outputs\stage9_wood_scratch_fix\traditional\wood\masks\wood_trad_scratch_008_mask.png,C:\Users\zsh\Desktop\цШВхЭдшзЖшзЙ\industrial-defect-diffusion\outputs\stage9_wood_scratch_fix\traditional\wood\images\wood_trad_scratch_008.png,traditional,412,stable-diffusion-v1-5/stable-diffusion-inpainting,fp16,"realistic long bright scratch marks and large shallow abrasion on industrial wood surface, follows natural wood grain texture, inspection image, visible wide scratched defect"
wood_diff_scratch_009,scratch,C:\Users\zsh\Desktop\цШВхЭдшзЖшзЙ\MVTec_AD\wood\train\good\178.png,C:\Users\zsh\Desktop\цШВхЭдшзЖшзЙ\industrial-defect-diffusion\outputs\stage9_wood_scratch_fix\diffusion\wood\images\wood_diff_scratch_009.png,C:\Users\zsh\Desktop\цШВхЭдшзЖшзЙ\industrial-defect-diffusion\outputs\stage9_wood_scratch_fix\diffusion\wood\masks\wood_diff_scratch_009_mask.png,C:\Users\zsh\Desktop\цШВхЭдшзЖшзЙ\industrial-defect-diffusion\outputs\stage9_wood_scratch_fix\diffusion\wood\metadata\wood_diff_scratch_009.json,,0.0288543701171875,diffusion,1,,9.046083450317383,6.08065128326416,14.666666984558105,C:\Users\zsh\Desktop\цШВхЭдшзЖшзЙ\industrial-defect-diffusion\outputs\stage9_wood_scratch_fix\traditional\wood\masks\wood_trad_scratch_009_mask.png,C:\Users\zsh\Desktop\цШВхЭдшзЖшзЙ\industrial-defect-diffusion\outputs\stage9_wood_scratch_fix\traditional\wood\images\wood_trad_scratch_009.png,traditional,413,stable-diffusion-v1-5/stable-diffusion-inpainting,fp16,"realistic long bright scratch marks and large shallow abrasion on industrial wood surface, follows natural wood grain texture, inspection image, visible wide scratched defect"
