sample_name,defect_type,source_image,source_mask,traditional_image,conditioning_image,output_image,output_mask,metadata,seed,model_id,variant,prompt,synthetic_source,accepted,reject_reasons,mask_area_ratio,inside_mean_abs_diff,outside_mean_abs_diff,outside_p95_abs_diff
wood_diff_color_000,color,C:\Users\zsh\Desktop\昂坤视觉\MVTec_AD\wood\train\good\189.png,C:\Users\zsh\Desktop\昂坤视觉\industrial-defect-diffusion\outputs\stage8_wood_synthetic\traditional\wood\masks\wood_trad_color_000_mask.png,C:\Users\zsh\Desktop\昂坤视觉\industrial-defect-diffusion\outputs\stage8_wood_synthetic\traditional\wood\images\wood_trad_color_000.png,traditional,C:\Users\zsh\Desktop\昂坤视觉\industrial-defect-diffusion\outputs\stage8_wood_synthetic\diffusion\wood\images\wood_diff_color_000.png,C:\Users\zsh\Desktop\昂坤视觉\industrial-defect-diffusion\outputs\stage8_wood_synthetic\diffusion\wood\masks\wood_diff_color_000_mask.png,C:\Users\zsh\Desktop\昂坤视觉\industrial-defect-diffusion\outputs\stage8_wood_synthetic\diffusion\wood\metadata\wood_diff_color_000.json,304,stable-diffusion-v1-5/stable-diffusion-inpainting,fp16,"a realistic dark color stain defect on industrial wood surface, natural grain texture, inspection image, visible local discoloration",diffusion,1,,0.058013916015625,22.09341049194336,5.8337507247924805,13.666666984558105
wood_diff_color_001,color,C:\Users\zsh\Desktop\昂坤视觉\MVTec_AD\wood\train\good\207.png,C:\Users\zsh\Desktop\昂坤视觉\industrial-defect-diffusion\outputs\stage8_wood_synthetic\traditional\wood\masks\wood_trad_color_001_mask.png,C:\Users\zsh\Desktop\昂坤视觉\industrial-defect-diffusion\outputs\stage8_wood_synthetic\traditional\wood\images\wood_trad_color_001.png,traditional,C:\Users\zsh\Desktop\昂坤视觉\industrial-defect-diffusion\outputs\stage8_wood_synthetic\diffusion\wood\images\wood_diff_color_001.png,C:\Users\zsh\Desktop\昂坤视觉\industrial-defect-diffusion\outputs\stage8_wood_synthetic\diffusion\wood\masks\wood_diff_color_001_mask.png,C:\Users\zsh\Desktop\昂坤视觉\industrial-defect-diffusion\outputs\stage8_wood_synthetic\diffusion\wood\metadata\wood_diff_color_001.json,305,stable-diffusion-v1-5/stable-diffusion-inpainting,fp16,"a realistic dark color stain defect on industrial wood surface, natural grain texture, inspection image, visible local discoloration",diffusion,1,,0.020742416381835938,14.83184814453125,5.206925392150879,12.0
wood_diff_color_002,color,C:\Users\zsh\Desktop\昂坤视觉\MVTec_AD\wood\train\good\064.png,C:\Users\zsh\Desktop\昂坤视觉\industrial-defect-diffusion\outputs\stage8_wood_synthetic\traditional\wood\masks\wood_trad_color_002_mask.png,C:\Users\zsh\Desktop\昂坤视觉\industrial-defect-diffusion\outputs\stage8_wood_synthetic\traditional\wood\images\wood_trad_color_002.png,traditional,C:\Users\zsh\Desktop\昂坤视觉\industrial-defect-diffusion\outputs\stage8_wood_synthetic\diffusion\wood\images\wood_diff_color_002.png,C:\Users\zsh\Desktop\昂坤视觉\industrial-defect-diffusion\outputs\stage8_wood_synthetic\diffusion\wood\masks\wood_diff_color_002_mask.png,C:\Users\zsh\Desktop\昂坤视觉\industrial-defect-diffusion\outputs\stage8_wood_synthetic\diffusion\wood\metadata\wood_diff_color_002.json,306,stable-diffusion-v1-5/stable-diffusion-inpainting,fp16,"a realistic dark color stain defect on industrial wood surface, natural grain texture, inspection image, visible local discoloration",diffusion,1,,0.017800331115722656,33.08134460449219,6.736792087554932,15.666666984558105
wood_diff_color_003,color,C:\Users\zsh\Desktop\昂坤视觉\MVTec_AD\wood\train\good\218.png,C:\Users\zsh\Desktop\昂坤视觉\industrial-defect-diffusion\outputs\stage8_wood_synthetic\traditional\wood\masks\wood_trad_color_003_mask.png,C:\Users\zsh\Desktop\昂坤视觉\industrial-defect-diffusion\outputs\stage8_wood_synthetic\traditional\wood\images\wood_trad_color_003.png,traditional,C:\Users\zsh\Desktop\昂坤视觉\industrial-defect-diffusion\outputs\stage8_wood_synthetic\diffusion\wood\images\wood_diff_color_003.png,C:\Users\zsh\Desktop\昂坤视觉\industrial-defect-diffusion\outputs\stage8_wood_synthetic\diffusion\wood\masks\wood_diff_color_003_mask.png,C:\Users\zsh\Desktop\昂坤视觉\industrial-defect-diffusion\outputs\stage8_wood_synthetic\diffusion\wood\metadata\wood_diff_color_003.json,307,stable-diffusion-v1-5/stable-diffusion-inpainting,fp16,"a realistic dark color stain defect on industrial wood surface, natural grain texture, inspection image, visible local discoloration",diffusion,1,,0.05379772186279297,26.64897346496582,6.477314472198486,15.333333015441895
wood_diff_color_004,color,C:\Users\zsh\Desktop\昂坤视觉\MVTec_AD\wood\train\good\063.png,C:\Users\zsh\Desktop\昂坤视觉\industrial-defect-diffusion\outputs\stage8_wood_synthetic\traditional\wood\masks\wood_trad_color_004_mask.png,C:\Users\zsh\Desktop\昂坤视觉\industrial-defect-diffusion\outputs\stage8_wood_synthetic\traditional\wood\images\wood_trad_color_004.png,traditional,C:\Users\zsh\Desktop\昂坤视觉\industrial-defect-diffusion\outputs\stage8_wood_synthetic\diffusion\wood\images\wood_diff_color_004.png,C:\Users\zsh\Desktop\昂坤视觉\industrial-defect-diffusion\outputs\stage8_wood_synthetic\diffusion\wood\masks\wood_diff_color_004_mask.png,C:\Users\zsh\Desktop\昂坤视觉\industrial-defect-diffusion\outputs\stage8_wood_synthetic\diffusion\wood\metadata\wood_diff_color_004.json,308,stable-diffusion-v1-5/stable-diffusion-inpainting,fp16,"a realistic dark color stain defect on industrial wood surface, natural grain texture, inspection image, visible local discoloration",diffusion,1,,0.026123046875,29.073219299316406,6.92475700378418,16.33333396911621
wood_diff_color_005,color,C:\Users\zsh\Desktop\昂坤视觉\MVTec_AD\wood\train\good\146.png,C:\Users\zsh\Desktop\昂坤视觉\industrial-defect-diffusion\outputs\stage8_wood_synthetic\traditional\wood\masks\wood_trad_color_005_mask.png,C:\Users\zsh\Desktop\昂坤视觉\industrial-defect-diffusion\outputs\stage8_wood_synthetic\traditional\wood\images\wood_trad_color_005.png,traditional,C:\Users\zsh\Desktop\昂坤视觉\industrial-defect-diffusion\outputs\stage8_wood_synthetic\diffusion\wood\images\wood_diff_color_005.png,C:\Users\zsh\Desktop\昂坤视觉\industrial-defect-diffusion\outputs\stage8_wood_synthetic\diffusion\wood\masks\wood_diff_color_005_mask.png,C:\Users\zsh\Desktop\昂坤视觉\industrial-defect-diffusion\outputs\stage8_wood_synthetic\diffusion\wood\metadata\wood_diff_color_005.json,309,stable-diffusion-v1-5/stable-diffusion-inpainting,fp16,"a realistic dark color stain defect on industrial wood surface, natural grain texture, inspection image, visible local discoloration",diffusion,1,,0.029050827026367188,27.760478973388672,5.505450248718262,12.666666984558105
wood_diff_color_006,color,C:\Users\zsh\Desktop\昂坤视觉\MVTec_AD\wood\train\good\197.png,C:\Users\zsh\Desktop\昂坤视觉\industrial-defect-diffusion\outputs\stage8_wood_synthetic\traditional\wood\masks\wood_trad_color_006_mask.png,C:\Users\zsh\Desktop\昂坤视觉\industrial-defect-diffusion\outputs\stage8_wood_synthetic\traditional\wood\images\wood_trad_color_006.png,traditional,C:\Users\zsh\Desktop\昂坤视觉\industrial-defect-diffusion\outputs\stage8_wood_synthetic\diffusion\wood\images\wood_diff_color_006.png,C:\Users\zsh\Desktop\昂坤视觉\industrial-defect-diffusion\outputs\stage8_wood_synthetic\diffusion\wood\masks\wood_diff_color_006_mask.png,C:\Users\zsh\Desktop\昂坤视觉\industrial-defect-diffusion\outputs\stage8_wood_synthetic\diffusion\wood\metadata\wood_diff_color_006.json,310,stable-diffusion-v1-5/stable-diffusion-inpainting,fp16,"a realistic dark color stain defect on industrial wood surface, natural grain texture, inspection image, visible local discoloration",diffusion,1,,0.04176521301269531,44.44369888305664,6.127226829528809,14.333333015441895
wood_diff_color_007,color,C:\Users\zsh\Desktop\昂坤视觉\MVTec_AD\wood\train\good\100.png,C:\Users\zsh\Desktop\昂坤视觉\industrial-defect-diffusion\outputs\stage8_wood_synthetic\traditional\wood\masks\wood_trad_color_007_mask.png,C:\Users\zsh\Desktop\昂坤视觉\industrial-defect-diffusion\outputs\stage8_wood_synthetic\traditional\wood\images\wood_trad_color_007.png,traditional,C:\Users\zsh\Desktop\昂坤视觉\industrial-defect-diffusion\outputs\stage8_wood_synthetic\diffusion\wood\images\wood_diff_color_007.png,C:\Users\zsh\Desktop\昂坤视觉\industrial-defect-diffusion\outputs\stage8_wood_synthetic\diffusion\wood\masks\wood_diff_color_007_mask.png,C:\Users\zsh\Desktop\昂坤视觉\industrial-defect-diffusion\outputs\stage8_wood_synthetic\diffusion\wood\metadata\wood_diff_color_007.json,311,stable-diffusion-v1-5/stable-diffusion-inpainting,fp16,"a realistic dark color stain defect on industrial wood surface, natural grain texture, inspection image, visible local discoloration",diffusion,1,,0.028204917907714844,20.896726608276367,6.071017265319824,14.0
wood_diff_color_008,color,C:\Users\zsh\Desktop\昂坤视觉\MVTec_AD\wood\train\good\115.png,C:\Users\zsh\Desktop\昂坤视觉\industrial-defect-diffusion\outputs\stage8_wood_synthetic\traditional\wood\masks\wood_trad_color_008_mask.png,C:\Users\zsh\Desktop\昂坤视觉\industrial-defect-diffusion\outputs\stage8_wood_synthetic\traditional\wood\images\wood_trad_color_008.png,traditional,C:\Users\zsh\Desktop\昂坤视觉\industrial-defect-diffusion\outputs\stage8_wood_synthetic\diffusion\wood\images\wood_diff_color_008.png,C:\Users\zsh\Desktop\昂坤视觉\industrial-defect-diffusion\outputs\stage8_wood_synthetic\diffusion\wood\masks\wood_diff_color_008_mask.png,C:\Users\zsh\Desktop\昂坤视觉\industrial-defect-diffusion\outputs\stage8_wood_synthetic\diffusion\wood\metadata\wood_diff_color_008.json,312,stable-diffusion-v1-5/stable-diffusion-inpainting,fp16,"a realistic dark color stain defect on industrial wood surface, natural grain texture, inspection image, visible local discoloration",diffusion,1,,0.05110931396484375,23.949779510498047,5.780566215515137,13.333333015441895
wood_diff_color_009,color,C:\Users\zsh\Desktop\昂坤视觉\MVTec_AD\wood\train\good\242.png,C:\Users\zsh\Desktop\昂坤视觉\industrial-defect-diffusion\outputs\stage8_wood_synthetic\traditional\wood\masks\wood_trad_color_009_mask.png,C:\Users\zsh\Desktop\昂坤视觉\industrial-defect-diffusion\outputs\stage8_wood_synthetic\traditional\wood\images\wood_trad_color_009.png,traditional,C:\Users\zsh\Desktop\昂坤视觉\industrial-defect-diffusion\outputs\stage8_wood_synthetic\diffusion\wood\images\wood_diff_color_009.png,C:\Users\zsh\Desktop\昂坤视觉\industrial-defect-diffusion\outputs\stage8_wood_synthetic\diffusion\wood\masks\wood_diff_color_009_mask.png,C:\Users\zsh\Desktop\昂坤视觉\industrial-defect-diffusion\outputs\stage8_wood_synthetic\diffusion\wood\metadata\wood_diff_color_009.json,313,stable-diffusion-v1-5/stable-diffusion-inpainting,fp16,"a realistic dark color stain defect on industrial wood surface, natural grain texture, inspection image, visible local discoloration",diffusion,1,,0.025499343872070312,15.857967376708984,6.415750503540039,15.0
wood_diff_hole_010,hole,C:\Users\zsh\Desktop\昂坤视觉\MVTec_AD\wood\train\good\166.png,C:\Users\zsh\Desktop\昂坤视觉\industrial-defect-diffusion\outputs\stage8_wood_synthetic\traditional\wood\masks\wood_trad_hole_000_mask.png,C:\Users\zsh\Desktop\昂坤视觉\industrial-defect-diffusion\outputs\stage8_wood_synthetic\traditional\wood\images\wood_trad_hole_000.png,traditional,C:\Users\zsh\Desktop\昂坤视觉\industrial-defect-diffusion\outputs\stage8_wood_synthetic\diffusion\wood\images\wood_diff_hole_010.png,C:\Users\zsh\Desktop\昂坤视觉\industrial-defect-diffusion\outputs\stage8_wood_synthetic\diffusion\wood\masks\wood_diff_hole_010_mask.png,C:\Users\zsh\Desktop\昂坤视觉\industrial-defect-diffusion\outputs\stage8_wood_synthetic\diffusion\wood\metadata\wood_diff_hole_010.json,314,stable-diffusion-v1-5/stable-diffusion-inpainting,fp16,"a realistic dark irregular hole defect on industrial wood surface, damaged wood grain, inspection image, visible local defect",diffusion,1,,0.009069442749023438,66.27638244628906,6.495244026184082,15.0
wood_diff_hole_011,hole,C:\Users\zsh\Desktop\昂坤视觉\MVTec_AD\wood\train\good\028.png,C:\Users\zsh\Desktop\昂坤视觉\industrial-defect-diffusion\outputs\stage8_wood_synthetic\traditional\wood\masks\wood_trad_hole_001_mask.png,C:\Users\zsh\Desktop\昂坤视觉\industrial-defect-diffusion\outputs\stage8_wood_synthetic\traditional\wood\images\wood_trad_hole_001.png,traditional,C:\Users\zsh\Desktop\昂坤视觉\industrial-defect-diffusion\outputs\stage8_wood_synthetic\diffusion\wood\images\wood_diff_hole_011.png,C:\Users\zsh\Desktop\昂坤视觉\industrial-defect-diffusion\outputs\stage8_wood_synthetic\diffusion\wood\masks\wood_diff_hole_011_mask.png,C:\Users\zsh\Desktop\昂坤视觉\industrial-defect-diffusion\outputs\stage8_wood_synthetic\diffusion\wood\metadata\wood_diff_hole_011.json,315,stable-diffusion-v1-5/stable-diffusion-inpainting,fp16,"a realistic dark irregular hole defect on industrial wood surface, damaged wood grain, inspection image, visible local defect",diffusion,1,,0.016881942749023438,74.74658203125,6.757632732391357,15.666666984558105
wood_diff_hole_012,hole,C:\Users\zsh\Desktop\昂坤视觉\MVTec_AD\wood\train\good\044.png,C:\Users\zsh\Desktop\昂坤视觉\industrial-defect-diffusion\outputs\stage8_wood_synthetic\traditional\wood\masks\wood_trad_hole_002_mask.png,C:\Users\zsh\Desktop\昂坤视觉\industrial-defect-diffusion\outputs\stage8_wood_synthetic\traditional\wood\images\wood_trad_hole_002.png,traditional,C:\Users\zsh\Desktop\昂坤视觉\industrial-defect-diffusion\outputs\stage8_wood_synthetic\diffusion\wood\images\wood_diff_hole_012.png,C:\Users\zsh\Desktop\昂坤视觉\industrial-defect-diffusion\outputs\stage8_wood_synthetic\diffusion\wood\masks\wood_diff_hole_012_mask.png,C:\Users\zsh\Desktop\昂坤视觉\industrial-defect-diffusion\outputs\stage8_wood_synthetic\diffusion\wood\metadata\wood_diff_hole_012.json,316,stable-diffusion-v1-5/stable-diffusion-inpainting,fp16,"a realistic dark irregular hole defect on industrial wood surface, damaged wood grain, inspection image, visible local defect",diffusion,1,,0.014527320861816406,61.91785430908203,5.447781562805176,12.333333015441895
wood_diff_hole_013,hole,C:\Users\zsh\Desktop\昂坤视觉\MVTec_AD\wood\train\good\070.png,C:\Users\zsh\Desktop\昂坤视觉\industrial-defect-diffusion\outputs\stage8_wood_synthetic\traditional\wood\masks\wood_trad_hole_003_mask.png,C:\Users\zsh\Desktop\昂坤视觉\industrial-defect-diffusion\outputs\stage8_wood_synthetic\traditional\wood\images\wood_trad_hole_003.png,traditional,C:\Users\zsh\Desktop\昂坤视觉\industrial-defect-diffusion\outputs\stage8_wood_synthetic\diffusion\wood\images\wood_diff_hole_013.png,C:\Users\zsh\Desktop\昂坤视觉\industrial-defect-diffusion\outputs\stage8_wood_synthetic\diffusion\wood\masks\wood_diff_hole_013_mask.png,C:\Users\zsh\Desktop\昂坤视觉\industrial-defect-diffusion\outputs\stage8_wood_synthetic\diffusion\wood\metadata\wood_diff_hole_013.json,317,stable-diffusion-v1-5/stable-diffusion-inpainting,fp16,"a realistic dark irregular hole defect on industrial wood surface, damaged wood grain, inspection image, visible local defect",diffusion,1,,0.014178276062011719,84.95042419433594,6.676159381866455,15.333333015441895
wood_diff_hole_014,hole,C:\Users\zsh\Desktop\昂坤视觉\MVTec_AD\wood\train\good\194.png,C:\Users\zsh\Desktop\昂坤视觉\industrial-defect-diffusion\outputs\stage8_wood_synthetic\traditional\wood\masks\wood_trad_hole_004_mask.png,C:\Users\zsh\Desktop\昂坤视觉\industrial-defect-diffusion\outputs\stage8_wood_synthetic\traditional\wood\images\wood_trad_hole_004.png,traditional,C:\Users\zsh\Desktop\昂坤视觉\industrial-defect-diffusion\outputs\stage8_wood_synthetic\diffusion\wood\images\wood_diff_hole_014.png,C:\Users\zsh\Desktop\昂坤视觉\industrial-defect-diffusion\outputs\stage8_wood_synthetic\diffusion\wood\masks\wood_diff_hole_014_mask.png,C:\Users\zsh\Desktop\昂坤视觉\industrial-defect-diffusion\outputs\stage8_wood_synthetic\diffusion\wood\metadata\wood_diff_hole_014.json,318,stable-diffusion-v1-5/stable-diffusion-inpainting,fp16,"a realistic dark irregular hole defect on industrial wood surface, damaged wood grain, inspection image, visible local defect",diffusion,1,,0.017362594604492188,67.03819274902344,5.816030979156494,13.333333015441895
wood_diff_hole_015,hole,C:\Users\zsh\Desktop\昂坤视觉\MVTec_AD\wood\train\good\121.png,C:\Users\zsh\Desktop\昂坤视觉\industrial-defect-diffusion\outputs\stage8_wood_synthetic\traditional\wood\masks\wood_trad_hole_005_mask.png,C:\Users\zsh\Desktop\昂坤视觉\industrial-defect-diffusion\outputs\stage8_wood_synthetic\traditional\wood\images\wood_trad_hole_005.png,traditional,C:\Users\zsh\Desktop\昂坤视觉\industrial-defect-diffusion\outputs\stage8_wood_synthetic\diffusion\wood\images\wood_diff_hole_015.png,C:\Users\zsh\Desktop\昂坤视觉\industrial-defect-diffusion\outputs\stage8_wood_synthetic\diffusion\wood\masks\wood_diff_hole_015_mask.png,C:\Users\zsh\Desktop\昂坤视觉\industrial-defect-diffusion\outputs\stage8_wood_synthetic\diffusion\wood\metadata\wood_diff_hole_015.json,319,stable-diffusion-v1-5/stable-diffusion-inpainting,fp16,"a realistic dark irregular hole defect on industrial wood surface, damaged wood grain, inspection image, visible local defect",diffusion,1,,0.034117698669433594,69.71522521972656,6.464846134185791,15.0
wood_diff_hole_016,hole,C:\Users\zsh\Desktop\昂坤视觉\MVTec_AD\wood\train\good\075.png,C:\Users\zsh\Desktop\昂坤视觉\industrial-defect-diffusion\outputs\stage8_wood_synthetic\traditional\wood\masks\wood_trad_hole_006_mask.png,C:\Users\zsh\Desktop\昂坤视觉\industrial-defect-diffusion\outputs\stage8_wood_synthetic\traditional\wood\images\wood_trad_hole_006.png,traditional,C:\Users\zsh\Desktop\昂坤视觉\industrial-defect-diffusion\outputs\stage8_wood_synthetic\diffusion\wood\images\wood_diff_hole_016.png,C:\Users\zsh\Desktop\昂坤视觉\industrial-defect-diffusion\outputs\stage8_wood_synthetic\diffusion\wood\masks\wood_diff_hole_016_mask.png,C:\Users\zsh\Desktop\昂坤视觉\industrial-defect-diffusion\outputs\stage8_wood_synthetic\diffusion\wood\metadata\wood_diff_hole_016.json,320,stable-diffusion-v1-5/stable-diffusion-inpainting,fp16,"a realistic dark irregular hole defect on industrial wood surface, damaged wood grain, inspection image, visible local defect",diffusion,1,,0.007607460021972656,67.9698715209961,6.640213966369629,15.333333015441895
wood_diff_hole_017,hole,C:\Users\zsh\Desktop\昂坤视觉\MVTec_AD\wood\train\good\029.png,C:\Users\zsh\Desktop\昂坤视觉\industrial-defect-diffusion\outputs\stage8_wood_synthetic\traditional\wood\masks\wood_trad_hole_007_mask.png,C:\Users\zsh\Desktop\昂坤视觉\industrial-defect-diffusion\outputs\stage8_wood_synthetic\traditional\wood\images\wood_trad_hole_007.png,traditional,C:\Users\zsh\Desktop\昂坤视觉\industrial-defect-diffusion\outputs\stage8_wood_synthetic\diffusion\wood\images\wood_diff_hole_017.png,C:\Users\zsh\Desktop\昂坤视觉\industrial-defect-diffusion\outputs\stage8_wood_synthetic\diffusion\wood\masks\wood_diff_hole_017_mask.png,C:\Users\zsh\Desktop\昂坤视觉\industrial-defect-diffusion\outputs\stage8_wood_synthetic\diffusion\wood\metadata\wood_diff_hole_017.json,321,stable-diffusion-v1-5/stable-diffusion-inpainting,fp16,"a realistic dark irregular hole defect on industrial wood surface, damaged wood grain, inspection image, visible local defect",diffusion,1,,0.02949237823486328,61.03641128540039,5.566500663757324,13.0
wood_diff_hole_018,hole,C:\Users\zsh\Desktop\昂坤视觉\MVTec_AD\wood\train\good\159.png,C:\Users\zsh\Desktop\昂坤视觉\industrial-defect-diffusion\outputs\stage8_wood_synthetic\traditional\wood\masks\wood_trad_hole_008_mask.png,C:\Users\zsh\Desktop\昂坤视觉\industrial-defect-diffusion\outputs\stage8_wood_synthetic\traditional\wood\images\wood_trad_hole_008.png,traditional,C:\Users\zsh\Desktop\昂坤视觉\industrial-defect-diffusion\outputs\stage8_wood_synthetic\diffusion\wood\images\wood_diff_hole_018.png,C:\Users\zsh\Desktop\昂坤视觉\industrial-defect-diffusion\outputs\stage8_wood_synthetic\diffusion\wood\masks\wood_diff_hole_018_mask.png,C:\Users\zsh\Desktop\昂坤视觉\industrial-defect-diffusion\outputs\stage8_wood_synthetic\diffusion\wood\metadata\wood_diff_hole_018.json,322,stable-diffusion-v1-5/stable-diffusion-inpainting,fp16,"a realistic dark irregular hole defect on industrial wood surface, damaged wood grain, inspection image, visible local defect",diffusion,1,,0.01855182647705078,74.04739379882812,5.704601287841797,13.0
wood_diff_hole_019,hole,C:\Users\zsh\Desktop\昂坤视觉\MVTec_AD\wood\train\good\054.png,C:\Users\zsh\Desktop\昂坤视觉\industrial-defect-diffusion\outputs\stage8_wood_synthetic\traditional\wood\masks\wood_trad_hole_009_mask.png,C:\Users\zsh\Desktop\昂坤视觉\industrial-defect-diffusion\outputs\stage8_wood_synthetic\traditional\wood\images\wood_trad_hole_009.png,traditional,C:\Users\zsh\Desktop\昂坤视觉\industrial-defect-diffusion\outputs\stage8_wood_synthetic\diffusion\wood\images\wood_diff_hole_019.png,C:\Users\zsh\Desktop\昂坤视觉\industrial-defect-diffusion\outputs\stage8_wood_synthetic\diffusion\wood\masks\wood_diff_hole_019_mask.png,C:\Users\zsh\Desktop\昂坤视觉\industrial-defect-diffusion\outputs\stage8_wood_synthetic\diffusion\wood\metadata\wood_diff_hole_019.json,323,stable-diffusion-v1-5/stable-diffusion-inpainting,fp16,"a realistic dark irregular hole defect on industrial wood surface, damaged wood grain, inspection image, visible local defect",diffusion,1,,0.02774524688720703,80.50503540039062,7.2125020027160645,16.66666603088379
wood_diff_liquid_020,liquid,C:\Users\zsh\Desktop\昂坤视觉\MVTec_AD\wood\train\good\125.png,C:\Users\zsh\Desktop\昂坤视觉\industrial-defect-diffusion\outputs\stage8_wood_synthetic\traditional\wood\masks\wood_trad_liquid_000_mask.png,C:\Users\zsh\Desktop\昂坤视觉\industrial-defect-diffusion\outputs\stage8_wood_synthetic\traditional\wood\images\wood_trad_liquid_000.png,traditional,C:\Users\zsh\Desktop\昂坤视觉\industrial-defect-diffusion\outputs\stage8_wood_synthetic\diffusion\wood\images\wood_diff_liquid_020.png,C:\Users\zsh\Desktop\昂坤视觉\industrial-defect-diffusion\outputs\stage8_wood_synthetic\diffusion\wood\masks\wood_diff_liquid_020_mask.png,C:\Users\zsh\Desktop\昂坤视觉\industrial-defect-diffusion\outputs\stage8_wood_synthetic\diffusion\wood\metadata\wood_diff_liquid_020.json,324,stable-diffusion-v1-5/stable-diffusion-inpainting,fp16,"a realistic translucent liquid stain defect on industrial wood surface, natural grain texture, inspection image, visible wet contamination",diffusion,1,,0.037380218505859375,8.123915672302246,6.669656753540039,15.666666984558105
wood_diff_liquid_021,liquid,C:\Users\zsh\Desktop\昂坤视觉\MVTec_AD\wood\train\good\122.png,C:\Users\zsh\Desktop\昂坤视觉\industrial-defect-diffusion\outputs\stage8_wood_synthetic\traditional\wood\masks\wood_trad_liquid_001_mask.png,C:\Users\zsh\Desktop\昂坤视觉\industrial-defect-diffusion\outputs\stage8_wood_synthetic\traditional\wood\images\wood_trad_liquid_001.png,traditional,C:\Users\zsh\Desktop\昂坤视觉\industrial-defect-diffusion\outputs\stage8_wood_synthetic\diffusion\wood\images\wood_diff_liquid_021.png,C:\Users\zsh\Desktop\昂坤视觉\industrial-defect-diffusion\outputs\stage8_wood_synthetic\diffusion\wood\masks\wood_diff_liquid_021_mask.png,C:\Users\zsh\Desktop\昂坤视觉\industrial-defect-diffusion\outputs\stage8_wood_synthetic\diffusion\wood\metadata\wood_diff_liquid_021.json,325,stable-diffusion-v1-5/stable-diffusion-inpainting,fp16,"a realistic translucent liquid stain defect on industrial wood surface, natural grain texture, inspection image, visible wet contamination",diffusion,1,,0.04748821258544922,11.235613822937012,6.466375350952148,15.0
wood_diff_liquid_022,liquid,C:\Users\zsh\Desktop\昂坤视觉\MVTec_AD\wood\train\good\145.png,C:\Users\zsh\Desktop\昂坤视觉\industrial-defect-diffusion\outputs\stage8_wood_synthetic\traditional\wood\masks\wood_trad_liquid_002_mask.png,C:\Users\zsh\Desktop\昂坤视觉\industrial-defect-diffusion\outputs\stage8_wood_synthetic\traditional\wood\images\wood_trad_liquid_002.png,traditional,C:\Users\zsh\Desktop\昂坤视觉\industrial-defect-diffusion\outputs\stage8_wood_synthetic\diffusion\wood\images\wood_diff_liquid_022.png,C:\Users\zsh\Desktop\昂坤视觉\industrial-defect-diffusion\outputs\stage8_wood_synthetic\diffusion\wood\masks\wood_diff_liquid_022_mask.png,C:\Users\zsh\Desktop\昂坤视觉\industrial-defect-diffusion\outputs\stage8_wood_synthetic\diffusion\wood\metadata\wood_diff_liquid_022.json,326,stable-diffusion-v1-5/stable-diffusion-inpainting,fp16,"a realistic translucent liquid stain defect on industrial wood surface, natural grain texture, inspection image, visible wet contamination",diffusion,1,,0.038062095642089844,7.254382610321045,5.629095554351807,13.0
wood_diff_liquid_023,liquid,C:\Users\zsh\Desktop\昂坤视觉\MVTec_AD\wood\train\good\078.png,C:\Users\zsh\Desktop\昂坤视觉\industrial-defect-diffusion\outputs\stage8_wood_synthetic\traditional\wood\masks\wood_trad_liquid_003_mask.png,C:\Users\zsh\Desktop\昂坤视觉\industrial-defect-diffusion\outputs\stage8_wood_synthetic\traditional\wood\images\wood_trad_liquid_003.png,traditional,C:\Users\zsh\Desktop\昂坤视觉\industrial-defect-diffusion\outputs\stage8_wood_synthetic\diffusion\wood\images\wood_diff_liquid_023.png,C:\Users\zsh\Desktop\昂坤视觉\industrial-defect-diffusion\outputs\stage8_wood_synthetic\diffusion\wood\masks\wood_diff_liquid_023_mask.png,C:\Users\zsh\Desktop\昂坤视觉\industrial-defect-diffusion\outputs\stage8_wood_synthetic\diffusion\wood\metadata\wood_diff_liquid_023.json,327,stable-diffusion-v1-5/stable-diffusion-inpainting,fp16,"a realistic translucent liquid stain defect on industrial wood surface, natural grain texture, inspection image, visible wet contamination",diffusion,1,,0.08936882019042969,8.970184326171875,5.668130397796631,13.333333015441895
wood_diff_liquid_024,liquid,C:\Users\zsh\Desktop\昂坤视觉\MVTec_AD\wood\train\good\070.png,C:\Users\zsh\Desktop\昂坤视觉\industrial-defect-diffusion\outputs\stage8_wood_synthetic\traditional\wood\masks\wood_trad_liquid_004_mask.png,C:\Users\zsh\Desktop\昂坤视觉\industrial-defect-diffusion\outputs\stage8_wood_synthetic\traditional\wood\images\wood_trad_liquid_004.png,traditional,C:\Users\zsh\Desktop\昂坤视觉\industrial-defect-diffusion\outputs\stage8_wood_synthetic\diffusion\wood\images\wood_diff_liquid_024.png,C:\Users\zsh\Desktop\昂坤视觉\industrial-defect-diffusion\outputs\stage8_wood_synthetic\diffusion\wood\masks\wood_diff_liquid_024_mask.png,C:\Users\zsh\Desktop\昂坤视觉\industrial-defect-diffusion\outputs\stage8_wood_synthetic\diffusion\wood\metadata\wood_diff_liquid_024.json,328,stable-diffusion-v1-5/stable-diffusion-inpainting,fp16,"a realistic translucent liquid stain defect on industrial wood surface, natural grain texture, inspection image, visible wet contamination",diffusion,1,,0.05513763427734375,8.558236122131348,6.715718746185303,15.333333015441895
wood_diff_liquid_025,liquid,C:\Users\zsh\Desktop\昂坤视觉\MVTec_AD\wood\train\good\015.png,C:\Users\zsh\Desktop\昂坤视觉\industrial-defect-diffusion\outputs\stage8_wood_synthetic\traditional\wood\masks\wood_trad_liquid_005_mask.png,C:\Users\zsh\Desktop\昂坤视觉\industrial-defect-diffusion\outputs\stage8_wood_synthetic\traditional\wood\images\wood_trad_liquid_005.png,traditional,C:\Users\zsh\Desktop\昂坤视觉\industrial-defect-diffusion\outputs\stage8_wood_synthetic\diffusion\wood\images\wood_diff_liquid_025.png,C:\Users\zsh\Desktop\昂坤视觉\industrial-defect-diffusion\outputs\stage8_wood_synthetic\diffusion\wood\masks\wood_diff_liquid_025_mask.png,C:\Users\zsh\Desktop\昂坤视觉\industrial-defect-diffusion\outputs\stage8_wood_synthetic\diffusion\wood\metadata\wood_diff_liquid_025.json,329,stable-diffusion-v1-5/stable-diffusion-inpainting,fp16,"a realistic translucent liquid stain defect on industrial wood surface, natural grain texture, inspection image, visible wet contamination",diffusion,1,,0.058829307556152344,7.297923564910889,6.204278469085693,14.333333015441895
wood_diff_liquid_026,liquid,C:\Users\zsh\Desktop\昂坤视觉\MVTec_AD\wood\train\good\121.png,C:\Users\zsh\Desktop\昂坤视觉\industrial-defect-diffusion\outputs\stage8_wood_synthetic\traditional\wood\masks\wood_trad_liquid_006_mask.png,C:\Users\zsh\Desktop\昂坤视觉\industrial-defect-diffusion\outputs\stage8_wood_synthetic\traditional\wood\images\wood_trad_liquid_006.png,traditional,C:\Users\zsh\Desktop\昂坤视觉\industrial-defect-diffusion\outputs\stage8_wood_synthetic\diffusion\wood\images\wood_diff_liquid_026.png,C:\Users\zsh\Desktop\昂坤视觉\industrial-defect-diffusion\outputs\stage8_wood_synthetic\diffusion\wood\masks\wood_diff_liquid_026_mask.png,C:\Users\zsh\Desktop\昂坤视觉\industrial-defect-diffusion\outputs\stage8_wood_synthetic\diffusion\wood\metadata\wood_diff_liquid_026.json,330,stable-diffusion-v1-5/stable-diffusion-inpainting,fp16,"a realistic translucent liquid stain defect on industrial wood surface, natural grain texture, inspection image, visible wet contamination",diffusion,1,,0.04475212097167969,13.446950912475586,6.359643459320068,15.0
wood_diff_liquid_027,liquid,C:\Users\zsh\Desktop\昂坤视觉\MVTec_AD\wood\train\good\119.png,C:\Users\zsh\Desktop\昂坤视觉\industrial-defect-diffusion\outputs\stage8_wood_synthetic\traditional\wood\masks\wood_trad_liquid_007_mask.png,C:\Users\zsh\Desktop\昂坤视觉\industrial-defect-diffusion\outputs\stage8_wood_synthetic\traditional\wood\images\wood_trad_liquid_007.png,traditional,C:\Users\zsh\Desktop\昂坤视觉\industrial-defect-diffusion\outputs\stage8_wood_synthetic\diffusion\wood\images\wood_diff_liquid_027.png,C:\Users\zsh\Desktop\昂坤视觉\industrial-defect-diffusion\outputs\stage8_wood_synthetic\diffusion\wood\masks\wood_diff_liquid_027_mask.png,C:\Users\zsh\Desktop\昂坤视觉\industrial-defect-diffusion\outputs\stage8_wood_synthetic\diffusion\wood\metadata\wood_diff_liquid_027.json,331,stable-diffusion-v1-5/stable-diffusion-inpainting,fp16,"a realistic translucent liquid stain defect on industrial wood surface, natural grain texture, inspection image, visible wet contamination",diffusion,1,,0.0506134033203125,8.865792274475098,6.2370686531066895,14.666666984558105
wood_diff_liquid_028,liquid,C:\Users\zsh\Desktop\昂坤视觉\MVTec_AD\wood\train\good\039.png,C:\Users\zsh\Desktop\昂坤视觉\industrial-defect-diffusion\outputs\stage8_wood_synthetic\traditional\wood\masks\wood_trad_liquid_008_mask.png,C:\Users\zsh\Desktop\昂坤视觉\industrial-defect-diffusion\outputs\stage8_wood_synthetic\traditional\wood\images\wood_trad_liquid_008.png,traditional,C:\Users\zsh\Desktop\昂坤视觉\industrial-defect-diffusion\outputs\stage8_wood_synthetic\diffusion\wood\images\wood_diff_liquid_028.png,C:\Users\zsh\Desktop\昂坤视觉\industrial-defect-diffusion\outputs\stage8_wood_synthetic\diffusion\wood\masks\wood_diff_liquid_028_mask.png,C:\Users\zsh\Desktop\昂坤视觉\industrial-defect-diffusion\outputs\stage8_wood_synthetic\diffusion\wood\metadata\wood_diff_liquid_028.json,332,stable-diffusion-v1-5/stable-diffusion-inpainting,fp16,"a realistic translucent liquid stain defect on industrial wood surface, natural grain texture, inspection image, visible wet contamination",diffusion,1,,0.0334320068359375,9.802372932434082,6.497109889984131,15.333333015441895
wood_diff_liquid_029,liquid,C:\Users\zsh\Desktop\昂坤视觉\MVTec_AD\wood\train\good\184.png,C:\Users\zsh\Desktop\昂坤视觉\industrial-defect-diffusion\outputs\stage8_wood_synthetic\traditional\wood\masks\wood_trad_liquid_009_mask.png,C:\Users\zsh\Desktop\昂坤视觉\industrial-defect-diffusion\outputs\stage8_wood_synthetic\traditional\wood\images\wood_trad_liquid_009.png,traditional,C:\Users\zsh\Desktop\昂坤视觉\industrial-defect-diffusion\outputs\stage8_wood_synthetic\diffusion\wood\images\wood_diff_liquid_029.png,C:\Users\zsh\Desktop\昂坤视觉\industrial-defect-diffusion\outputs\stage8_wood_synthetic\diffusion\wood\masks\wood_diff_liquid_029_mask.png,C:\Users\zsh\Desktop\昂坤视觉\industrial-defect-diffusion\outputs\stage8_wood_synthetic\diffusion\wood\metadata\wood_diff_liquid_029.json,333,stable-diffusion-v1-5/stable-diffusion-inpainting,fp16,"a realistic translucent liquid stain defect on industrial wood surface, natural grain texture, inspection image, visible wet contamination",diffusion,1,,0.06725406646728516,9.805575370788574,5.995336532592773,14.0
wood_diff_scratch_030,scratch,C:\Users\zsh\Desktop\昂坤视觉\MVTec_AD\wood\train\good\022.png,C:\Users\zsh\Desktop\昂坤视觉\industrial-defect-diffusion\outputs\stage8_wood_synthetic\traditional\wood\masks\wood_trad_scratch_000_mask.png,C:\Users\zsh\Desktop\昂坤视觉\industrial-defect-diffusion\outputs\stage8_wood_synthetic\traditional\wood\images\wood_trad_scratch_000.png,traditional,C:\Users\zsh\Desktop\昂坤视觉\industrial-defect-diffusion\outputs\stage8_wood_synthetic\diffusion\wood\images\wood_diff_scratch_030.png,C:\Users\zsh\Desktop\昂坤视觉\industrial-defect-diffusion\outputs\stage8_wood_synthetic\diffusion\wood\masks\wood_diff_scratch_030_mask.png,C:\Users\zsh\Desktop\昂坤视觉\industrial-defect-diffusion\outputs\stage8_wood_synthetic\diffusion\wood\metadata\wood_diff_scratch_030.json,334,stable-diffusion-v1-5/stable-diffusion-inpainting,fp16,"a realistic thin scratch defect on industrial wood surface, shallow bright irregular scratch lines, natural grain texture, inspection image",diffusion,1,,0.0021886825561523438,8.467973709106445,6.943953514099121,16.33333396911621
wood_diff_scratch_032,scratch,C:\Users\zsh\Desktop\昂坤视觉\MVTec_AD\wood\train\good\199.png,C:\Users\zsh\Desktop\昂坤视觉\industrial-defect-diffusion\outputs\stage8_wood_synthetic\traditional\wood\masks\wood_trad_scratch_002_mask.png,C:\Users\zsh\Desktop\昂坤视觉\industrial-defect-diffusion\outputs\stage8_wood_synthetic\traditional\wood\images\wood_trad_scratch_002.png,traditional,C:\Users\zsh\Desktop\昂坤视觉\industrial-defect-diffusion\outputs\stage8_wood_synthetic\diffusion\wood\images\wood_diff_scratch_032.png,C:\Users\zsh\Desktop\昂坤视觉\industrial-defect-diffusion\outputs\stage8_wood_synthetic\diffusion\wood\masks\wood_diff_scratch_032_mask.png,C:\Users\zsh\Desktop\昂坤视觉\industrial-defect-diffusion\outputs\stage8_wood_synthetic\diffusion\wood\metadata\wood_diff_scratch_032.json,336,stable-diffusion-v1-5/stable-diffusion-inpainting,fp16,"a realistic thin scratch defect on industrial wood surface, shallow bright irregular scratch lines, natural grain texture, inspection image",diffusion,1,,0.0015954971313476562,8.792388916015625,5.30374002456665,12.333333015441895
wood_diff_scratch_033,scratch,C:\Users\zsh\Desktop\昂坤视觉\MVTec_AD\wood\train\good\027.png,C:\Users\zsh\Desktop\昂坤视觉\industrial-defect-diffusion\outputs\stage8_wood_synthetic\traditional\wood\masks\wood_trad_scratch_003_mask.png,C:\Users\zsh\Desktop\昂坤视觉\industrial-defect-diffusion\outputs\stage8_wood_synthetic\traditional\wood\images\wood_trad_scratch_003.png,traditional,C:\Users\zsh\Desktop\昂坤视觉\industrial-defect-diffusion\outputs\stage8_wood_synthetic\diffusion\wood\images\wood_diff_scratch_033.png,C:\Users\zsh\Desktop\昂坤视觉\industrial-defect-diffusion\outputs\stage8_wood_synthetic\diffusion\wood\masks\wood_diff_scratch_033_mask.png,C:\Users\zsh\Desktop\昂坤视觉\industrial-defect-diffusion\outputs\stage8_wood_synthetic\diffusion\wood\metadata\wood_diff_scratch_033.json,337,stable-diffusion-v1-5/stable-diffusion-inpainting,fp16,"a realistic thin scratch defect on industrial wood surface, shallow bright irregular scratch lines, natural grain texture, inspection image",diffusion,1,,0.0027332305908203125,8.425331115722656,6.610683441162109,15.333333015441895
wood_diff_scratch_034,scratch,C:\Users\zsh\Desktop\昂坤视觉\MVTec_AD\wood\train\good\148.png,C:\Users\zsh\Desktop\昂坤视觉\industrial-defect-diffusion\outputs\stage8_wood_synthetic\traditional\wood\masks\wood_trad_scratch_004_mask.png,C:\Users\zsh\Desktop\昂坤视觉\industrial-defect-diffusion\outputs\stage8_wood_synthetic\traditional\wood\images\wood_trad_scratch_004.png,traditional,C:\Users\zsh\Desktop\昂坤视觉\industrial-defect-diffusion\outputs\stage8_wood_synthetic\diffusion\wood\images\wood_diff_scratch_034.png,C:\Users\zsh\Desktop\昂坤视觉\industrial-defect-diffusion\outputs\stage8_wood_synthetic\diffusion\wood\masks\wood_diff_scratch_034_mask.png,C:\Users\zsh\Desktop\昂坤视觉\industrial-defect-diffusion\outputs\stage8_wood_synthetic\diffusion\wood\metadata\wood_diff_scratch_034.json,338,stable-diffusion-v1-5/stable-diffusion-inpainting,fp16,"a realistic thin scratch defect on industrial wood surface, shallow bright irregular scratch lines, natural grain texture, inspection image",diffusion,1,,0.0023174285888671875,6.326886177062988,5.451441287994385,12.666666984558105
wood_diff_scratch_035,scratch,C:\Users\zsh\Desktop\昂坤视觉\MVTec_AD\wood\train\good\125.png,C:\Users\zsh\Desktop\昂坤视觉\industrial-defect-diffusion\outputs\stage8_wood_synthetic\traditional\wood\masks\wood_trad_scratch_005_mask.png,C:\Users\zsh\Desktop\昂坤视觉\industrial-defect-diffusion\outputs\stage8_wood_synthetic\traditional\wood\images\wood_trad_scratch_005.png,traditional,C:\Users\zsh\Desktop\昂坤视觉\industrial-defect-diffusion\outputs\stage8_wood_synthetic\diffusion\wood\images\wood_diff_scratch_035.png,C:\Users\zsh\Desktop\昂坤视觉\industrial-defect-diffusion\outputs\stage8_wood_synthetic\diffusion\wood\masks\wood_diff_scratch_035_mask.png,C:\Users\zsh\Desktop\昂坤视觉\industrial-defect-diffusion\outputs\stage8_wood_synthetic\diffusion\wood\metadata\wood_diff_scratch_035.json,339,stable-diffusion-v1-5/stable-diffusion-inpainting,fp16,"a realistic thin scratch defect on industrial wood surface, shallow bright irregular scratch lines, natural grain texture, inspection image",diffusion,1,,0.0029582977294921875,10.49570083618164,6.570270538330078,15.333333015441895
wood_diff_scratch_036,scratch,C:\Users\zsh\Desktop\昂坤视觉\MVTec_AD\wood\train\good\135.png,C:\Users\zsh\Desktop\昂坤视觉\industrial-defect-diffusion\outputs\stage8_wood_synthetic\traditional\wood\masks\wood_trad_scratch_006_mask.png,C:\Users\zsh\Desktop\昂坤视觉\industrial-defect-diffusion\outputs\stage8_wood_synthetic\traditional\wood\images\wood_trad_scratch_006.png,traditional,C:\Users\zsh\Desktop\昂坤视觉\industrial-defect-diffusion\outputs\stage8_wood_synthetic\diffusion\wood\images\wood_diff_scratch_036.png,C:\Users\zsh\Desktop\昂坤视觉\industrial-defect-diffusion\outputs\stage8_wood_synthetic\diffusion\wood\masks\wood_diff_scratch_036_mask.png,C:\Users\zsh\Desktop\昂坤视觉\industrial-defect-diffusion\outputs\stage8_wood_synthetic\diffusion\wood\metadata\wood_diff_scratch_036.json,340,stable-diffusion-v1-5/stable-diffusion-inpainting,fp16,"a realistic thin scratch defect on industrial wood surface, shallow bright irregular scratch lines, natural grain texture, inspection image",diffusion,1,,0.0029897689819335938,6.851249694824219,5.875743389129639,13.666666984558105
wood_diff_scratch_037,scratch,C:\Users\zsh\Desktop\昂坤视觉\MVTec_AD\wood\train\good\133.png,C:\Users\zsh\Desktop\昂坤视觉\industrial-defect-diffusion\outputs\stage8_wood_synthetic\traditional\wood\masks\wood_trad_scratch_007_mask.png,C:\Users\zsh\Desktop\昂坤视觉\industrial-defect-diffusion\outputs\stage8_wood_synthetic\traditional\wood\images\wood_trad_scratch_007.png,traditional,C:\Users\zsh\Desktop\昂坤视觉\industrial-defect-diffusion\outputs\stage8_wood_synthetic\diffusion\wood\images\wood_diff_scratch_037.png,C:\Users\zsh\Desktop\昂坤视觉\industrial-defect-diffusion\outputs\stage8_wood_synthetic\diffusion\wood\masks\wood_diff_scratch_037_mask.png,C:\Users\zsh\Desktop\昂坤视觉\industrial-defect-diffusion\outputs\stage8_wood_synthetic\diffusion\wood\metadata\wood_diff_scratch_037.json,341,stable-diffusion-v1-5/stable-diffusion-inpainting,fp16,"a realistic thin scratch defect on industrial wood surface, shallow bright irregular scratch lines, natural grain texture, inspection image",diffusion,1,,0.0029296875,6.48046875,5.565392017364502,12.666666984558105
wood_diff_scratch_038,scratch,C:\Users\zsh\Desktop\昂坤视觉\MVTec_AD\wood\train\good\117.png,C:\Users\zsh\Desktop\昂坤视觉\industrial-defect-diffusion\outputs\stage8_wood_synthetic\traditional\wood\masks\wood_trad_scratch_008_mask.png,C:\Users\zsh\Desktop\昂坤视觉\industrial-defect-diffusion\outputs\stage8_wood_synthetic\traditional\wood\images\wood_trad_scratch_008.png,traditional,C:\Users\zsh\Desktop\昂坤视觉\industrial-defect-diffusion\outputs\stage8_wood_synthetic\diffusion\wood\images\wood_diff_scratch_038.png,C:\Users\zsh\Desktop\昂坤视觉\industrial-defect-diffusion\outputs\stage8_wood_synthetic\diffusion\wood\masks\wood_diff_scratch_038_mask.png,C:\Users\zsh\Desktop\昂坤视觉\industrial-defect-diffusion\outputs\stage8_wood_synthetic\diffusion\wood\metadata\wood_diff_scratch_038.json,342,stable-diffusion-v1-5/stable-diffusion-inpainting,fp16,"a realistic thin scratch defect on industrial wood surface, shallow bright irregular scratch lines, natural grain texture, inspection image",diffusion,1,,0.001865386962890625,6.0124406814575195,5.401552677154541,12.666666984558105
wood_diff_scratch_039,scratch,C:\Users\zsh\Desktop\昂坤视觉\MVTec_AD\wood\train\good\108.png,C:\Users\zsh\Desktop\昂坤视觉\industrial-defect-diffusion\outputs\stage8_wood_synthetic\traditional\wood\masks\wood_trad_scratch_009_mask.png,C:\Users\zsh\Desktop\昂坤视觉\industrial-defect-diffusion\outputs\stage8_wood_synthetic\traditional\wood\images\wood_trad_scratch_009.png,traditional,C:\Users\zsh\Desktop\昂坤视觉\industrial-defect-diffusion\outputs\stage8_wood_synthetic\diffusion\wood\images\wood_diff_scratch_039.png,C:\Users\zsh\Desktop\昂坤视觉\industrial-defect-diffusion\outputs\stage8_wood_synthetic\diffusion\wood\masks\wood_diff_scratch_039_mask.png,C:\Users\zsh\Desktop\昂坤视觉\industrial-defect-diffusion\outputs\stage8_wood_synthetic\diffusion\wood\metadata\wood_diff_scratch_039.json,343,stable-diffusion-v1-5/stable-diffusion-inpainting,fp16,"a realistic thin scratch defect on industrial wood surface, shallow bright irregular scratch lines, natural grain texture, inspection image",diffusion,1,,0.0022115707397460938,12.254132270812988,7.377885818481445,17.33333396911621
wood_diff_combined_040,combined,C:\Users\zsh\Desktop\昂坤视觉\MVTec_AD\wood\train\good\079.png,C:\Users\zsh\Desktop\昂坤视觉\industrial-defect-diffusion\outputs\stage8_wood_synthetic\traditional\wood\masks\wood_trad_combined_000_mask.png,C:\Users\zsh\Desktop\昂坤视觉\industrial-defect-diffusion\outputs\stage8_wood_synthetic\traditional\wood\images\wood_trad_combined_000.png,traditional,C:\Users\zsh\Desktop\昂坤视觉\industrial-defect-diffusion\outputs\stage8_wood_synthetic\diffusion\wood\images\wood_diff_combined_040.png,C:\Users\zsh\Desktop\昂坤视觉\industrial-defect-diffusion\outputs\stage8_wood_synthetic\diffusion\wood\masks\wood_diff_combined_040_mask.png,C:\Users\zsh\Desktop\昂坤视觉\industrial-defect-diffusion\outputs\stage8_wood_synthetic\diffusion\wood\metadata\wood_diff_combined_040.json,344,stable-diffusion-v1-5/stable-diffusion-inpainting,fp16,"realistic combined defects on industrial wood surface, local stain and scratch damage, natural grain texture, inspection image",diffusion,1,,0.11469745635986328,27.7138671875,5.842523097991943,13.666666984558105
wood_diff_combined_041,combined,C:\Users\zsh\Desktop\昂坤视觉\MVTec_AD\wood\train\good\008.png,C:\Users\zsh\Desktop\昂坤视觉\industrial-defect-diffusion\outputs\stage8_wood_synthetic\traditional\wood\masks\wood_trad_combined_001_mask.png,C:\Users\zsh\Desktop\昂坤视觉\industrial-defect-diffusion\outputs\stage8_wood_synthetic\traditional\wood\images\wood_trad_combined_001.png,traditional,C:\Users\zsh\Desktop\昂坤视觉\industrial-defect-diffusion\outputs\stage8_wood_synthetic\diffusion\wood\images\wood_diff_combined_041.png,C:\Users\zsh\Desktop\昂坤视觉\industrial-defect-diffusion\outputs\stage8_wood_synthetic\diffusion\wood\masks\wood_diff_combined_041_mask.png,C:\Users\zsh\Desktop\昂坤视觉\industrial-defect-diffusion\outputs\stage8_wood_synthetic\diffusion\wood\metadata\wood_diff_combined_041.json,345,stable-diffusion-v1-5/stable-diffusion-inpainting,fp16,"realistic combined defects on industrial wood surface, local stain and scratch damage, natural grain texture, inspection image",diffusion,1,,0.08781719207763672,16.02621078491211,5.878003120422363,13.333333015441895
wood_diff_combined_042,combined,C:\Users\zsh\Desktop\昂坤视觉\MVTec_AD\wood\train\good\187.png,C:\Users\zsh\Desktop\昂坤视觉\industrial-defect-diffusion\outputs\stage8_wood_synthetic\traditional\wood\masks\wood_trad_combined_002_mask.png,C:\Users\zsh\Desktop\昂坤视觉\industrial-defect-diffusion\outputs\stage8_wood_synthetic\traditional\wood\images\wood_trad_combined_002.png,traditional,C:\Users\zsh\Desktop\昂坤视觉\industrial-defect-diffusion\outputs\stage8_wood_synthetic\diffusion\wood\images\wood_diff_combined_042.png,C:\Users\zsh\Desktop\昂坤视觉\industrial-defect-diffusion\outputs\stage8_wood_synthetic\diffusion\wood\masks\wood_diff_combined_042_mask.png,C:\Users\zsh\Desktop\昂坤视觉\industrial-defect-diffusion\outputs\stage8_wood_synthetic\diffusion\wood\metadata\wood_diff_combined_042.json,346,stable-diffusion-v1-5/stable-diffusion-inpainting,fp16,"realistic combined defects on industrial wood surface, local stain and scratch damage, natural grain texture, inspection image",diffusion,1,,0.024484634399414062,54.9948844909668,5.974066257476807,13.666666984558105
wood_diff_combined_043,combined,C:\Users\zsh\Desktop\昂坤视觉\MVTec_AD\wood\train\good\172.png,C:\Users\zsh\Desktop\昂坤视觉\industrial-defect-diffusion\outputs\stage8_wood_synthetic\traditional\wood\masks\wood_trad_combined_003_mask.png,C:\Users\zsh\Desktop\昂坤视觉\industrial-defect-diffusion\outputs\stage8_wood_synthetic\traditional\wood\images\wood_trad_combined_003.png,traditional,C:\Users\zsh\Desktop\昂坤视觉\industrial-defect-diffusion\outputs\stage8_wood_synthetic\diffusion\wood\images\wood_diff_combined_043.png,C:\Users\zsh\Desktop\昂坤视觉\industrial-defect-diffusion\outputs\stage8_wood_synthetic\diffusion\wood\masks\wood_diff_combined_043_mask.png,C:\Users\zsh\Desktop\昂坤视觉\industrial-defect-diffusion\outputs\stage8_wood_synthetic\diffusion\wood\metadata\wood_diff_combined_043.json,347,stable-diffusion-v1-5/stable-diffusion-inpainting,fp16,"realistic combined defects on industrial wood surface, local stain and scratch damage, natural grain texture, inspection image",diffusion,1,,0.0642404556274414,8.539139747619629,6.470343589782715,15.0
wood_diff_combined_044,combined,C:\Users\zsh\Desktop\昂坤视觉\MVTec_AD\wood\train\good\102.png,C:\Users\zsh\Desktop\昂坤视觉\industrial-defect-diffusion\outputs\stage8_wood_synthetic\traditional\wood\masks\wood_trad_combined_004_mask.png,C:\Users\zsh\Desktop\昂坤视觉\industrial-defect-diffusion\outputs\stage8_wood_synthetic\traditional\wood\images\wood_trad_combined_004.png,traditional,C:\Users\zsh\Desktop\昂坤视觉\industrial-defect-diffusion\outputs\stage8_wood_synthetic\diffusion\wood\images\wood_diff_combined_044.png,C:\Users\zsh\Desktop\昂坤视觉\industrial-defect-diffusion\outputs\stage8_wood_synthetic\diffusion\wood\masks\wood_diff_combined_044_mask.png,C:\Users\zsh\Desktop\昂坤视觉\industrial-defect-diffusion\outputs\stage8_wood_synthetic\diffusion\wood\metadata\wood_diff_combined_044.json,348,stable-diffusion-v1-5/stable-diffusion-inpainting,fp16,"realistic combined defects on industrial wood surface, local stain and scratch damage, natural grain texture, inspection image",diffusion,1,,0.029481887817382812,41.42404556274414,5.652492523193359,13.333333015441895
wood_diff_combined_045,combined,C:\Users\zsh\Desktop\昂坤视觉\MVTec_AD\wood\train\good\207.png,C:\Users\zsh\Desktop\昂坤视觉\industrial-defect-diffusion\outputs\stage8_wood_synthetic\traditional\wood\masks\wood_trad_combined_005_mask.png,C:\Users\zsh\Desktop\昂坤视觉\industrial-defect-diffusion\outputs\stage8_wood_synthetic\traditional\wood\images\wood_trad_combined_005.png,traditional,C:\Users\zsh\Desktop\昂坤视觉\industrial-defect-diffusion\outputs\stage8_wood_synthetic\diffusion\wood\images\wood_diff_combined_045.png,C:\Users\zsh\Desktop\昂坤视觉\industrial-defect-diffusion\outputs\stage8_wood_synthetic\diffusion\wood\masks\wood_diff_combined_045_mask.png,C:\Users\zsh\Desktop\昂坤视觉\industrial-defect-diffusion\outputs\stage8_wood_synthetic\diffusion\wood\metadata\wood_diff_combined_045.json,349,stable-diffusion-v1-5/stable-diffusion-inpainting,fp16,"realistic combined defects on industrial wood surface, local stain and scratch damage, natural grain texture, inspection image",diffusion,1,,0.06014728546142578,29.051498413085938,5.198055744171143,12.0
wood_diff_combined_046,combined,C:\Users\zsh\Desktop\昂坤视觉\MVTec_AD\wood\train\good\175.png,C:\Users\zsh\Desktop\昂坤视觉\industrial-defect-diffusion\outputs\stage8_wood_synthetic\traditional\wood\masks\wood_trad_combined_006_mask.png,C:\Users\zsh\Desktop\昂坤视觉\industrial-defect-diffusion\outputs\stage8_wood_synthetic\traditional\wood\images\wood_trad_combined_006.png,traditional,C:\Users\zsh\Desktop\昂坤视觉\industrial-defect-diffusion\outputs\stage8_wood_synthetic\diffusion\wood\images\wood_diff_combined_046.png,C:\Users\zsh\Desktop\昂坤视觉\industrial-defect-diffusion\outputs\stage8_wood_synthetic\diffusion\wood\masks\wood_diff_combined_046_mask.png,C:\Users\zsh\Desktop\昂坤视觉\industrial-defect-diffusion\outputs\stage8_wood_synthetic\diffusion\wood\metadata\wood_diff_combined_046.json,350,stable-diffusion-v1-5/stable-diffusion-inpainting,fp16,"realistic combined defects on industrial wood surface, local stain and scratch damage, natural grain texture, inspection image",diffusion,1,,0.07528877258300781,29.50340461730957,6.240611553192139,14.333333015441895
wood_diff_combined_047,combined,C:\Users\zsh\Desktop\昂坤视觉\MVTec_AD\wood\train\good\041.png,C:\Users\zsh\Desktop\昂坤视觉\industrial-defect-diffusion\outputs\stage8_wood_synthetic\traditional\wood\masks\wood_trad_combined_007_mask.png,C:\Users\zsh\Desktop\昂坤视觉\industrial-defect-diffusion\outputs\stage8_wood_synthetic\traditional\wood\images\wood_trad_combined_007.png,traditional,C:\Users\zsh\Desktop\昂坤视觉\industrial-defect-diffusion\outputs\stage8_wood_synthetic\diffusion\wood\images\wood_diff_combined_047.png,C:\Users\zsh\Desktop\昂坤视觉\industrial-defect-diffusion\outputs\stage8_wood_synthetic\diffusion\wood\masks\wood_diff_combined_047_mask.png,C:\Users\zsh\Desktop\昂坤视觉\industrial-defect-diffusion\outputs\stage8_wood_synthetic\diffusion\wood\metadata\wood_diff_combined_047.json,351,stable-diffusion-v1-5/stable-diffusion-inpainting,fp16,"realistic combined defects on industrial wood surface, local stain and scratch damage, natural grain texture, inspection image",diffusion,1,,0.05286216735839844,8.387112617492676,6.506363391876221,15.333333015441895
wood_diff_combined_048,combined,C:\Users\zsh\Desktop\昂坤视觉\MVTec_AD\wood\train\good\042.png,C:\Users\zsh\Desktop\昂坤视觉\industrial-defect-diffusion\outputs\stage8_wood_synthetic\traditional\wood\masks\wood_trad_combined_008_mask.png,C:\Users\zsh\Desktop\昂坤视觉\industrial-defect-diffusion\outputs\stage8_wood_synthetic\traditional\wood\images\wood_trad_combined_008.png,traditional,C:\Users\zsh\Desktop\昂坤视觉\industrial-defect-diffusion\outputs\stage8_wood_synthetic\diffusion\wood\images\wood_diff_combined_048.png,C:\Users\zsh\Desktop\昂坤视觉\industrial-defect-diffusion\outputs\stage8_wood_synthetic\diffusion\wood\masks\wood_diff_combined_048_mask.png,C:\Users\zsh\Desktop\昂坤视觉\industrial-defect-diffusion\outputs\stage8_wood_synthetic\diffusion\wood\metadata\wood_diff_combined_048.json,352,stable-diffusion-v1-5/stable-diffusion-inpainting,fp16,"realistic combined defects on industrial wood surface, local stain and scratch damage, natural grain texture, inspection image",diffusion,1,,0.09757709503173828,9.897478103637695,6.354623794555664,15.0
wood_diff_combined_049,combined,C:\Users\zsh\Desktop\昂坤视觉\MVTec_AD\wood\train\good\083.png,C:\Users\zsh\Desktop\昂坤视觉\industrial-defect-diffusion\outputs\stage8_wood_synthetic\traditional\wood\masks\wood_trad_combined_009_mask.png,C:\Users\zsh\Desktop\昂坤视觉\industrial-defect-diffusion\outputs\stage8_wood_synthetic\traditional\wood\images\wood_trad_combined_009.png,traditional,C:\Users\zsh\Desktop\昂坤视觉\industrial-defect-diffusion\outputs\stage8_wood_synthetic\diffusion\wood\images\wood_diff_combined_049.png,C:\Users\zsh\Desktop\昂坤视觉\industrial-defect-diffusion\outputs\stage8_wood_synthetic\diffusion\wood\masks\wood_diff_combined_049_mask.png,C:\Users\zsh\Desktop\昂坤视觉\industrial-defect-diffusion\outputs\stage8_wood_synthetic\diffusion\wood\metadata\wood_diff_combined_049.json,353,stable-diffusion-v1-5/stable-diffusion-inpainting,fp16,"realistic combined defects on industrial wood surface, local stain and scratch damage, natural grain texture, inspection image",diffusion,1,,0.06777667999267578,10.024492263793945,5.200650215148926,12.0
